Barcode,Cluster
AAACAAGTATCTCCCA-1,1
AAACACCAATAACTGC-1,2
AAACAGAGCGACTCCT-1,4
AAACAGGGTCTATATT-1,1
AAACAGTGTTCCTGGG-1,2
AAACATTTCCCGGATT-1,4
AAACCCGAACGAAATC-1,2
AAACCGGGTAGGTACC-1,5
AAACCTAAGCAGCCGG-1,2
AAACCTCATGAAGTTG-1,9
AAACGAAGAACATACC-1,8
AAACGAGACGGTTGAT-1,5
AAACGGGCGTACGGGT-1,3
AAACGGTTGCGAACTG-1,2
AAACGTGTTCGCCCTA-1,4
AAACTAACGTGGCGAC-1,4
AAACTCGGTTCGCAAT-1,3
AAACTCGTGATATAAG-1,4
AAACTGCTGGCTCCAA-1,7
AAACTTAATTGCACGC-1,2
AAACTTGCAAACGTAT-1,7
AAAGAATGTGGACTAA-1,3
AAAGACCCAAGTCGCG-1,6
AAAGACTGGGCGCTTT-1,7
AAAGCTTGCCTACATA-1,4
AAAGGCCCTATAATAC-1,2
AAAGGCTACGGACCAT-1,9
AAAGGCTCTCGCGCCG-1,1
AAAGGGATGTAGCAAG-1,10
AAAGGGCAGCTTGAAT-1,1
AAAGGTAAGCTGTACC-1,4
AAAGTAGCATTGCTCA-1,1
AAAGTCACTGATGTAA-1,6
AAAGTCGACCCTCAGT-1,7
AAAGTGTGATTTATCT-1,1
AAAGTTGACTCCCGTA-1,8
AAATAACCATACGGGA-1,7
AAATAAGGTAGTGCCC-1,9
AAATACCTATAAGCAT-1,1
AAATAGCTTAGACTTT-1,8
AAATAGGGTGCTATTG-1,9
AAATCCGATACACGCC-1,3
AAATCGTGTACCACAA-1,5
AAATCTAGCCCTGCTA-1,3
AAATGATTCGATCAGC-1,4
AAATGCTCGTTACGTT-1,6
AAATGGCATGTCTTGT-1,1
AAATGGCCCGTGCCCT-1,1
AAATGGTCAATGTGCC-1,5
AAATGTGGGTGCTCCT-1,10
AAATTAACGGGTAGCT-1,9
AAATTACACGACTCTG-1,1
AAATTACCTATCGATG-1,4
AAATTCCAGGTCCAAA-1,8
AAATTGATAGTCCTTT-1,2
AAATTGCGGCGGTTCT-1,6
AAATTGGTGAGAAGCA-1,4
AAATTTACCGAAATCC-1,7
AAATTTGCGGGTGTGG-1,5
AACAACTGGTAGTTGC-1,12
AACAATACATTGTCGA-1,2
AACAATTACTCTACGC-1,11
AACACACGCTCGCCGC-1,3
AACACGACTGTACTGA-1,8
AACACGAGACGCGGCC-1,7
AACACGCGGCCGCGAA-1,11
AACAGCTGTGTGGCAA-1,2
AACAGGAAATCGAATA-1,10
AACAGGATGGGCCGCG-1,5
AACAGGTAGTATGGAT-1,1
AACATATCAACTGGTG-1,4
AACATCGATACGTCTA-1,1
AACATTGAAGTTGATC-1,2
AACATTGTGACTCGAG-1,2
AACCAAGACTTCTCTG-1,5
AACCAGTATCACTCTT-1,4
AACCATAGGGTTGAAC-1,2
AACCATGGGATCGCTA-1,6
AACCCAGAGACGGAGA-1,6
AACCCATCCCATGATC-1,2
AACCCGACAACCCGTG-1,2
AACCCGAGCAGAATCG-1,7
AACCCGCTGTATTCCA-1,2
AACCCTACTGTCAATA-1,8
AACCCTGGTGGAACCA-1,8
AACCGAGCTTGGTCAT-1,10
AACCGCTAAGGGATGC-1,1
AACCGTTGTGTTTGCT-1,10
AACCTCGCTTTAGCCC-1,9
AACCTGTCACGGAATT-1,8
AACCTTTAAATACGGT-1,11
AACCTTTACGACGTCT-1,4
AACGATAATGCCGTAG-1,11
AACGATAGAAGGGCCG-1,6
AACGATATGTCAACTG-1,1
AACGCATGATCTGGGT-1,1
AACGCGAACGGCAACA-1,6
AACGCGACCTTGGGCG-1,2
AACGCGGTCTCCAGCC-1,10
AACGCTGTTGCTGAAA-1,3
AACGGACGTACGTATA-1,1
AACGGCCATCTCCGGT-1,5
AACGTACTGTGGGTAC-1,9
AACGTCAGACTAGTGG-1,12
AACGTCGCTGCACTTC-1,3
AACGTGATGAAGGACA-1,9
AACGTGCGAAAGTCTC-1,5
AACTACCCGTTTGTCA-1,1
AACTAGCGTATCGCAC-1,10
AACTAGGCTTGGGTGT-1,8
AACTCAAGTTAATTGC-1,5
AACTCCAGAGCGTGTT-1,3
AACTCCTAATCCCATG-1,4
AACTCGATGGCGCAGT-1,6
AACTCTCAATAGAGCG-1,7
AACTGAGGTCAGCGTC-1,4
AACTGATATTAGGCCT-1,10
AACTGGGTCCCGACGT-1,10
AACTGGTGTGGGCCTT-1,6
AACTTCTGCGTCTATC-1,9
AACTTGCCCGTATGCA-1,5
AACTTGCGTTCTCGCG-1,9
AACTTTAGCTGCTGAG-1,10
AAGAAGGATCAGTTAG-1,6
AAGACATACGTGGTTT-1,3
AAGACCCAACTGAACA-1,9
AAGACTAACCCGTTGT-1,10
AAGACTGCAAGCTACT-1,12
AAGAGATGAATCGGTA-1,1
AAGAGCTCTTTATCGG-1,9
AAGAGGATGTACGCGA-1,5
AAGAGGCATGGATCGC-1,1
AAGAGGCCCTTTGGAA-1,9
AAGATGGCACCGGACC-1,2
AAGATTGGCGGAACGT-1,4
AAGCACCCTGCGTATC-1,11
AAGCATACTCTCCTGA-1,1
AAGCCGAAGCGGTTTA-1,11
AAGCCGCCGTGAAATC-1,2
AAGCGCAGGGCTTTGA-1,3
AAGCGGCGTCATGGGT-1,4
AAGCGTCCCTCATCGA-1,2
AAGCTAGATCGAGTAA-1,7
AAGCTCGTGCCAAGTC-1,12
AAGCTCTTTCATGGTG-1,11
AAGGAGAACTTATAAG-1,10
AAGGAGCGGTTGGTGC-1,12
AAGGATCGATCGCTTG-1,8
AAGGATGAGGGACCTC-1,4
AAGGCAGGCTGTCTCC-1,1
AAGGCGCGTAAAGCTT-1,12
AAGGCTGTGCTCATCG-1,9
AAGGGAACGACTGGCT-1,2
AAGGGACAGATTCTGT-1,4
AAGGGACTATGCATTC-1,2
AAGGTATCCTAATATA-1,1
AAGGTGATAAACCAGC-1,1
AAGTAGAAGACCGGGT-1,6
AAGTAGTGACGCGAGG-1,5
AAGTCAATTGTCGTCA-1,8
AAGTGACGACCGAATT-1,5
AAGTGAGTCGGGTTTA-1,2
AAGTGCCTTGACTGTA-1,8
AAGTGCGTTAGAATCT-1,1
AAGTGCTTCTCTATTG-1,2
AAGTGTTTGGAGACGG-1,9
AAGTTCACTCCAAGCT-1,3
AAGTTCAGTCTGCGTA-1,4
AAGTTCGGCCAACAGG-1,5
AAGTTGTGATGTTATA-1,3
AAGTTTACTAATGGCA-1,10
AAGTTTATGGGCCCAA-1,3
AATAACAACGCTCGGC-1,5
AATAACGTCGCGCCCA-1,3
AATAAGTCCTCGAGAC-1,8
AATACAATGTTTCAGG-1,7
AATACCGGAGGGCTGT-1,2
AATACCTGATGTGAAC-1,3
AATAGAATCTGTTTCA-1,1
AATAGCAAGCCTCCTG-1,4
AATAGCTACCGCGTGC-1,1
AATAGTCCGTCCCGAC-1,11
AATATCAAGGTCGGAT-1,6
AATATCGAATCAATGC-1,11
AATATCGAGGGTTCTC-1,4
AATATTGGAGTATTGA-1,5
AATCAGACTGCAGGAC-1,10
AATCAGGTTTCATTTA-1,2
AATCATGTAAAGACTC-1,3
AATCCAAGGGCCTGAG-1,6
AATCCATGCAAGGGTG-1,6
AATCGCCTCAGCGCCA-1,1
AATCGCGCAGAGGACT-1,8
AATCGGGACACTACGA-1,10
AATCGGTATAGCCCTC-1,3
AATCGTGAGCCGAGCA-1,3
AATCTAGGTTTACTTG-1,1
AATCTATGCCGGAGCC-1,1
AATCTGCGTTGGGACG-1,4
AATCTGGCTTTCTAGT-1,1
AATCTGGGTAGACCCT-1,10
AATGACAGCAATGTCT-1,7
AATGACTGTCAGCCGG-1,6
AATGAGTTCGCATATG-1,6
AATGATGATACGCTAT-1,4
AATGATGCGACTCCTG-1,4
AATGCAACCGGGTACC-1,12
AATGCACCAAGCAATG-1,1
AATGGTCCACCGTTCA-1,7
AATGGTTCTCACAAGC-1,9
AATGTATGGCACTGTA-1,2
AATGTGCCCGAGGTGT-1,2
AATGTGCTAATCTGAG-1,2
AATGTTGTCGTGAGAC-1,3
AATTAAAGGTCGGCGT-1,5
AATTAACGGATTTCCA-1,11
AATTCATAAGGGATCT-1,4
AATTCATTGTCATGCA-1,2
AATTCCAAGCATGTAC-1,1
AATTCGATTCGAGGAT-1,3
AATTGCAGCAATCGAC-1,3
AATTGCGTGGATTACA-1,2
AATTTGGGACATAGTA-1,4
AATTTGGTTCCAAAGA-1,9
ACAAACCATGCGTCCT-1,2
ACAAAGCATGACCTAG-1,3
ACAAATCGCACCGAAT-1,1
ACAAATTCAGATCTGA-1,4
ACAACAGCATGAGCTA-1,9
ACAACGGTCCCTGCGA-1,6
ACAAGCAGTGCCTAGC-1,5
ACAAGGAAATCCGCCC-1,9
ACAAGGACAAGAGGTT-1,9
ACAAGGATGCTTTAGG-1,3
ACAATAGTCGTACGTT-1,1
ACAATCCATTTAAACC-1,5
ACAATCGATCTTTATA-1,10
ACAATGAATACGGAGA-1,2
ACAATGATTCTTCTAC-1,4
ACAATTGTGTCTCTTT-1,3
ACAATTTGAGCAGTGG-1,1
ACACAAAGACGGGTGG-1,10
ACACACCAGGACCAGT-1,2
ACACACTTTCTACACG-1,10
ACACATGATCAAATCT-1,2
ACACATTTCCGTAGAC-1,2
ACACCACATAATTAGC-1,9
ACACCCAGCATGCAGC-1,1
ACACCCGAGAAATCCG-1,6
ACACCGGTCTGACCGC-1,2
ACACCTTAAGTAGGGC-1,1
ACACCTTACTACTTGC-1,8
ACACGAGACTCCTTCT-1,12
ACACGGCACTATGCAT-1,11
ACACGGGAACTTAGGG-1,12
ACACGTAGGCCACAAG-1,8
ACACTCCAATGTCACT-1,1
ACACTGGGACAGTCGT-1,8
ACAGAACTGAGAACAA-1,7
ACAGATTAGGTTAGTG-1,6
ACAGCATAGAGCCAGT-1,10
ACAGCGACATTCTCAT-1,3
ACAGCGCACCCGCAGC-1,8
ACAGGCACGGATCCTT-1,3
ACAGGCTTGCCCGACT-1,3
ACAGTAATACAACTTG-1,1
ACAGTATACCGTGGGA-1,4
ACATAATAAGGCGGTG-1,6
ACATCCCGGCCATACG-1,1
ACATCCTGGTAACTGT-1,8
ACATCGATCGTTTACC-1,5
ACATCGGTCAGCCGCG-1,5
ACATCGTTAACCTAGT-1,8
ACATCTCAACGCGTAA-1,8
ACATGGCGCCAAAGTA-1,8
ACATGGCTCAATTTAG-1,6
ACATTTGAAACCTAAC-1,3
ACCAAACACCCAGCGA-1,1
ACCAAACTAGAAATCC-1,8
ACCAACACCACACACT-1,4
ACCAACCGCACTCCAC-1,3
ACCAAGAACGCGTGTC-1,10
ACCAAGTCATCGGCAG-1,3
ACCAATATGCAAGTTA-1,11
ACCACAACTCAGAACA-1,8
ACCACAAGTTTCTATC-1,12
ACCACACGGTTGATGG-1,2
ACCACCAATGTAACAA-1,8
ACCACCCTCTCTTCTA-1,4
ACCACGTGCAGCTATA-1,7
ACCAGCCCGGTCTTTG-1,8
ACCAGGAGTGTGATCT-1,10
ACCAGTGCCCGGTCAA-1,4
ACCAGTGCGGGAGACG-1,1
ACCATATCCGCAATAA-1,5
ACCATCCGCCAACTAG-1,7
ACCATCGTATATGGTA-1,5
ACCCAACGCCCGTGGC-1,1
ACCCACCTACATGCTC-1,1
ACCCATCTTGAGGGTA-1,5
ACCCATTTGTCCCTCT-1,3
ACCCGAGCGAAATTAC-1,2
ACCCGATTGGTTCCGA-1,2
ACCCGGAAACTCCCAG-1,11
ACCCGGATGACGCATC-1,8
ACCCGGTTACACTTCC-1,5
ACCCGTAGTCTAGTTG-1,3
ACCCGTGTCATCAGTA-1,1
ACCCTATAGGACTGAG-1,1
ACCCTCCCGTCAGGGC-1,3
ACCCTCCCTTGCTATT-1,1
ACCCTGGTAACGCCCT-1,4
ACCCTTCATCTGCGAA-1,10
ACCCTTTAGTTCTCCA-1,8
ACCGAAAGGGCCCTGC-1,6
ACCGAAGAGTCTGGTT-1,1
ACCGACACATCTCCCA-1,11
ACCGACTGAGTCCCAC-1,12
ACCGAGTCTCCTTATT-1,3
ACCGATAGGCATAACC-1,11
ACCGATATTTAATCAT-1,7
ACCGATGGTAGCATCG-1,7
ACCGCAATAACTGCCT-1,7
ACCGCGGTGGAAGTCG-1,8
ACCGGGCCTTTGTTGA-1,8
ACCGGTCAGGTACACC-1,2
ACCGTGACCACGTGGG-1,2
ACCGTTCCCGCTCTGA-1,8
ACCTAAGTACCTTTCA-1,7
ACCTAATCGACTTCCT-1,5
ACCTACAGTATGTGGT-1,8
ACCTACTATAAATCTA-1,2
ACCTCCGCCCTCGCTG-1,8
ACCTCCGTTATTCACC-1,12
ACCTCGAACTTATGCT-1,2
ACCTGCGTGTCATGTT-1,7
ACCTTTCCTTTAGAAG-1,10
ACGAAATGGGCGGCAC-1,5
ACGACTCTAGGGCCGA-1,3
ACGACTGGTCATACTC-1,2
ACGAGAACCCATCACG-1,6
ACGAGATATTTGCTTA-1,8
ACGAGGATACCACTCT-1,7
ACGAGGTTTACAACGT-1,2
ACGAGTACGGATGCCC-1,4
ACGATACATAGAACTA-1,1
ACGATCATACATAGAG-1,12
ACGATCATCTTGTAAA-1,8
ACGATGCATATGTTAT-1,5
ACGATGGATCCGATGC-1,8
ACGCAAACTAATAGAT-1,2
ACGCAATCACTACAGC-1,4
ACGCATAAATGACATG-1,4
ACGCATACGTTTACTA-1,3
ACGCATTCGTGAGTAC-1,12
ACGCCACTCGAAACAG-1,2
ACGCCAGATGATTTCT-1,1
ACGCCAGTGCGTTTGC-1,3
ACGCCCAGCTGTCGAT-1,8
ACGCCGCTAGACGACC-1,7
ACGCGCTACACAGGGT-1,5
ACGCGGGCCAAGGACA-1,12
ACGCTAGTGATACACT-1,4
ACGCTGTGAGGCGTAG-1,7
ACGCTTAGTGTCTCTC-1,8
ACGGAACACGAGTGCC-1,3
ACGGAATTTAGCAAAT-1,6
ACGGACTCTCAAAGCG-1,11
ACGGAGCGCAAATTAC-1,4
ACGGATGGTGCGGATA-1,11
ACGGCGACGATGGGAA-1,7
ACGGCGGGTTGCCCTG-1,6
ACGGCTGGATGTAGAA-1,2
ACGGGAGTGTCGGCCC-1,7
ACGGGCGTATGCGACA-1,4
ACGGTACAGTTCAATG-1,3
ACGGTCACCGAGAACA-1,2
ACGTACAGATTTCTCT-1,10
ACGTACTTTGGCACGG-1,2
ACGTAGATTGCTGATG-1,12
ACGTAGGAGAGTCGCT-1,3
ACGTATTACTCCGATC-1,8
ACGTCCTAAACGAGAT-1,10
ACGTGCGCCTCGTGCA-1,6
ACGTTAATGTCGAAGA-1,5
ACGTTAGATTTGCCCG-1,5
ACGTTATTGGTCACTC-1,9
ACGTTCCGCGCTCCGT-1,10
ACGTTCGCAATCAATT-1,12
ACGTTCGTTCAGGAAA-1,2
ACGTTCTGTACAAGTC-1,3
ACGTTTAGTTGTGATC-1,9
ACTAATACGTCAGGCG-1,4
ACTACAAAGAGAGGTG-1,2
ACTACATCCCGACAAG-1,2
ACTACCAGCTCTCTGG-1,12
ACTACGCGTTAGAATT-1,11
ACTAGTTGCGATCGTC-1,1
ACTATATGCTGTGTTC-1,1
ACTATCCAGGGCATGG-1,8
ACTATCTGCCCGCGTA-1,1
ACTATGTCCAGCTGCC-1,2
ACTATTCGTCCGTGGT-1,10
ACTATTTCCGGGCCCA-1,2
ACTCAACGAATGTATT-1,6
ACTCAAGTGCAAGGCT-1,3
ACTCAATAAAGGCACG-1,10
ACTCAGACCTGCTTCT-1,6
ACTCATGGCAGCCTTC-1,2
ACTCCAATATCATCAT-1,2
ACTCCCATTCCTAAAG-1,1
ACTCCCGAATTCGTTT-1,9
ACTCCCGTAGACTAGG-1,4
ACTCCCTAATGCTAAA-1,11
ACTCCCTAGAATAGTA-1,10
ACTCCGGCCGACCACT-1,3
ACTCGCCGTTCGATAA-1,3
ACTCGTAACCCGTCCT-1,7
ACTCGTCAGTAATCCC-1,5
ACTCTCTGACTTAGGT-1,2
ACTCTCTTATACACGA-1,8
ACTCTGACCTAATAGA-1,3
ACTCTTGTATAGTAAC-1,12
ACTGAAACGCCGTTAG-1,3
ACTGAATGGCGAAAGT-1,1
ACTGATTTAGTGATTC-1,8
ACTGCCCGCCATTCTC-1,2
ACTGCCGTCGTAACTC-1,10
ACTGCGGACACACCGT-1,8
ACTGGGATGCCAGTGC-1,2
ACTGTACGATACACAT-1,12
ACTGTAGCACTTTGGA-1,12
ACTGTATACGCGAGCA-1,6
ACTGTCCAGGATTATA-1,11
ACTGTCTTCTTTAGAA-1,12
ACTGTGCTAGTAGATC-1,6
ACTGTTTAGTGTAGGC-1,10
ACTTACCGGGCGCGCA-1,4
ACTTACGCATCCACGC-1,9
ACTTAGTACGACAAGA-1,6
ACTTATACTTACCCGG-1,7
ACTTATTAGGATCGGT-1,5
ACTTATTTATGTGCCA-1,2
ACTTCAGGCTGATCCC-1,1
ACTTCCATGCGGGACA-1,3
ACTTCGCCATACGCAC-1,12
ACTTGACTCCCTCTTT-1,7
ACTTGCCATATTGTAC-1,10
ACTTGGGACCCGGTGG-1,12
ACTTGTAGTCCCTTCA-1,4
ACTTGTGGATGGAACG-1,1
ACTTGTTACCGGATCA-1,2
ACTTTACCCTCATGAA-1,8
ACTTTCCTATAGCTTC-1,9
ACTTTGACTGCATCCT-1,7
ACTTTGGTCGTGCTCC-1,2
AGAAATTATGACTCGC-1,1
AGAACCCTCAATTGGG-1,2
AGAACGTGGTACATTC-1,12
AGAACTGTACTTTGTA-1,3
AGAAGAGCGCCGTTCC-1,4
AGAAGGTACACTTCAC-1,1
AGAAGGTTGCCGAATT-1,5
AGAAGGTTGTAGGTCG-1,3
AGAAGTGATTCGTGAT-1,7
AGAATACAGGCTATCC-1,3
AGAATGCGGGTTCGGA-1,4
AGAATTATGGATTCGA-1,7
AGAATTGTTTGACATA-1,6
AGACATAGATCCTTCC-1,6
AGACCATGGGATACAA-1,6
AGACCCGCCCTCCTCG-1,10
AGACCGCTCCGCGGTT-1,1
AGACCGGGAAACCCTG-1,1
AGACGAAGTGCCGGTC-1,1
AGACGACGATGCCGCT-1,2
AGACGGGCCGATTTAA-1,4
AGACTAGCCTTCCAGA-1,12
AGACTGTTACCGGGTC-1,2
AGAGAAACACCAGAAA-1,2
AGAGAACCGTCTAGGA-1,7
AGAGAAGGAGTACAAT-1,2
AGAGATCTCTAAAGCG-1,7
AGAGCAGTTATGAGAC-1,7
AGAGCCGCCGAGATTT-1,8
AGAGCGGGCTAATCAT-1,6
AGAGCGTACAAGCTCG-1,1
AGAGCTACGAAAGCAT-1,6
AGAGGCTTCGGAAACC-1,1
AGAGGGACAATTGTCC-1,4
AGAGGTATCTCGGTCC-1,10
AGAGTAAACTTCACTA-1,11
AGAGTATAGTGTTACG-1,1
AGAGTTAGAGACCGAT-1,4
AGATAACTTCAGGGCC-1,9
AGATACCAATAGAACC-1,3
AGATACCAGCACTTCA-1,4
AGATACCGGTGTTCAC-1,5
AGATACGACTTCATAT-1,6
AGATATAATACGACTA-1,11
AGATCGTGCATAAGAT-1,4
AGATCTCAGGTGTGAT-1,12
AGATGACTCGCCCACG-1,6
AGATGAGGGTTGCGAT-1,4
AGATGATGGAGTCTGG-1,8
AGATGCAAGACGTGCA-1,2
AGATTATAGGACGTTT-1,5
AGATTCACAACCGATA-1,1
AGCAAAGGCCGCTAGT-1,11
AGCAACATATCTTATT-1,7
AGCAACCGAAAGTAAT-1,1
AGCACACGTTTAGACT-1,2
AGCACCAGTACTCACG-1,12
AGCACTACCGGCCTGT-1,7
AGCACTACCTCACCAG-1,11
AGCACTTAAGGACGCC-1,5
AGCAGAAGGAGAAAGA-1,11
AGCAGCCAGATGAATA-1,11
AGCAGTCGAAGCATGC-1,3
AGCATATCAATATGCT-1,3
AGCATCATTTCGAAAG-1,1
AGCATCGTCGATAATT-1,11
AGCATTACGAGGCAAG-1,3
AGCCAAGCTTTGTGTC-1,9
AGCCACAGGTTACCCG-1,3
AGCCACTCCCGTGCTT-1,4
AGCCATATAGTATGTG-1,2
AGCCCATACATGTAAG-1,5
AGCCCGCAACAAGCAG-1,2
AGCCCGCACTACAATG-1,3
AGCCCGGCATTAGAGG-1,2
AGCCCGGTAGCCTGTA-1,2
AGCCCTAAGCGAAGTT-1,10
AGCCCTCCCTGGTGGC-1,2
AGCCCTTCTAATCCGA-1,4
AGCCCTTGGACATCCC-1,8
AGCCGTGGCTAAATGT-1,7
AGCCTAATACCCACGT-1,1
AGCCTTAAAGCGGAAG-1,1
AGCGACATCCCATTCA-1,6
AGCGACCAACGATATT-1,10
AGCGAGACGTGAAGGC-1,2
AGCGATGCGCCTAATA-1,3
AGCGCATAATGAATCG-1,1
AGCGCGGGTGCCAATG-1,4
AGCGCTTATGGGCAAG-1,4
AGCGGACACTTCGTAG-1,11
AGCGGCGGTTAGCGGT-1,1
AGCGGGAAGGGTCCAT-1,6
AGCGGGTCTGACACTC-1,9
AGCGGTTGCCGCTCTG-1,4
AGCGTACGAGAGCTAG-1,6
AGCGTCTGAACCCGCA-1,10
AGCTAACAAGCAATGT-1,2
AGCTAAGTACGCAGGC-1,3
AGCTAGAAGCAGAAGT-1,4
AGCTATTTAATCCAAC-1,1
AGCTCCATATATGTTC-1,8
AGCTCCTTCGCACATC-1,3
AGCTCTAGACGTTCCA-1,9
AGCTCTTCCCAGTGCA-1,4
AGCTCTTCGTAACCTT-1,8
AGCTCTTTACTCAGTT-1,5
AGCTGAAGTAAACCAA-1,1
AGCTGTAACCTCAATC-1,2
AGCTTATAGAGACCTG-1,10
AGCTTCTTCTCGAGCA-1,3
AGCTTGATCTTAACTT-1,9
AGGAAGCTGTCCGCCG-1,11
AGGACATCGCACGTCG-1,6
AGGACGACCCATTAGA-1,5
AGGACGCTCGATGTTG-1,4
AGGAGACATCCACAGT-1,4
AGGAGGCCTTCGCGCG-1,3
AGGATAAAGTCGGGAT-1,11
AGGATATAGGGATTTA-1,1
AGGATATCCGACTGCA-1,3
AGGATCACGCGATCTG-1,1
AGGATTGCTTACGACA-1,7
AGGCACGTGACTGTCC-1,9
AGGCAGATGCGTAAAC-1,7
AGGCAGGGAGCGTACT-1,2
AGGCATTGTCGTAGGG-1,1
AGGCCACCCGTTATGA-1,1
AGGCCCAGTGACTGGT-1,6
AGGCCCATTGTACAGG-1,6
AGGCCCTAGAACGCCA-1,1
AGGCCTATCATACCAA-1,2
AGGCCTGAGAATCTCG-1,3
AGGCGGTTTGTCCCGC-1,2
AGGCGTCTATGGACGG-1,1
AGGCTATGGTTAGCTT-1,1
AGGCTTGCTAGACACC-1,7
AGGGAAACGAGGTACT-1,4
AGGGACAGCACGGCGG-1,10
AGGGACCGGCTGCGTT-1,8
AGGGAGACATACTTCG-1,1
AGGGCAGCGGCGTGGT-1,8
AGGGCGAGCAGCTGAT-1,7
AGGGCGTGATCGGCTA-1,6
AGGGCTGCAGTTACAG-1,12
AGGGTCAGAGCACTCG-1,2
AGGGTCAGTAACCCTA-1,4
AGGGTCGATGCGAACT-1,9
AGGGTGCCGTTCTTTA-1,2
AGGGTGCTCTCGAGGG-1,7
AGGGTTCAGACGGTCC-1,2
AGGGTTCCCTTTGGTT-1,1
AGGGTTTAGTTCGGGA-1,12
AGGTAACCTCCTATTC-1,6
AGGTACGATATTGCCA-1,5
AGGTAGATCGAGATAT-1,2
AGGTAGGTACAAAGCT-1,5
AGGTATAATTGATAGT-1,8
AGGTCAGGTGAGAGTG-1,7
AGGTCGCGGAGTTACT-1,4
AGGTGCACGTCCACAT-1,3
AGGTGGTGACCTTCGC-1,11
AGGTGTATCGCCATGA-1,1
AGGTTACACCATGCCG-1,1
AGGTTCTCCTTTCCGG-1,2
AGGTTGAGGCACGCTT-1,7
AGGTTTCACACACCTT-1,5
AGTAACGTTCATCCTG-1,4
AGTAACTATAGCAGCC-1,3
AGTAATCTAAGGGTGG-1,3
AGTAATGTCTTGCCGC-1,6
AGTAATTTGCAAGCGT-1,2
AGTACAGAAGCTTATA-1,3
AGTACATCATTTATCA-1,1
AGTACCTTCGAGTGCT-1,4
AGTACGGGCACCTGGC-1,9
AGTACGTGGCCTGTCT-1,7
AGTACTCTTATGCCCA-1,3
AGTAGAAGGCGCCTCA-1,2
AGTAGCGTGAACGAAC-1,8
AGTAGGAAGGAAGTTG-1,4
AGTAGGTAACATACAT-1,6
AGTATAATACTAGGCA-1,1
AGTATACACAGCGACA-1,2
AGTATCCATAATAACG-1,6
AGTATGCTGGAGACCA-1,2
AGTCAAATGATGTGAT-1,2
AGTCAACACCACCATC-1,5
AGTCAAGATGACACTT-1,1
AGTCACTAGCTCTCGA-1,3
AGTCACTCCGCCTCAT-1,6
AGTCAGCCACCGCCTG-1,6
AGTCCAGCGGGTACGT-1,6
AGTCCATTGGCTGATG-1,8
AGTCCCGCCTTTAATT-1,4
AGTCGACGGTCTCAAG-1,2
AGTCGGCCCAAACGAC-1,12
AGTCGGCTCAACTTTA-1,7
AGTCGGTTGCGTGAGA-1,8
AGTCGTATAAAGCAGA-1,3
AGTCGTCGACCACCAA-1,3
AGTCGTGGGCATTACG-1,1
AGTCTAAAGTATACTC-1,1
AGTCTCACAAGACTAC-1,2
AGTCTGGACATCCTTG-1,6
AGTCTTCTCCTCAAAT-1,10
AGTCTTTAAAGTGTCC-1,3
AGTGAACAAACTTCTC-1,8
AGTGAAGATGGTGTCC-1,4
AGTGACCTACTTTACG-1,5
AGTGACTGTGACACAA-1,2
AGTGAGACTTCCAGTA-1,7
AGTGAGCCTCGCCGCC-1,4
AGTGAGGGTTTCTGAC-1,7
AGTGAGTCGAATTAAC-1,3
AGTGATAACCTGCGCG-1,3
AGTGATATGAGTAGTT-1,5
AGTGATTCAAGCAGGA-1,7
AGTGCACGCTTAAGAA-1,3
AGTGCGTAGCTCGTAA-1,5
AGTGCTAAACACAGCA-1,3
AGTGCTTGCACGAATA-1,2
AGTGGCCCGCAAATGG-1,3
AGTGGCGGCAATTTGA-1,4
AGTGGCGTCTGAAGGT-1,3
AGTGGCTCCGTCGGCC-1,7
AGTGTATTGCGCATTG-1,4
AGTGTGGTCTATTGTG-1,6
AGTTAAACACTTGCGA-1,5
AGTTAAGCGGTCCCGG-1,1
AGTTAAGTCAACCGCT-1,7
AGTTACCGCACATGGT-1,7
AGTTACTCTATCGTGG-1,4
AGTTATTCAGACTGTG-1,3
AGTTCCTACAGAATTA-1,9
AGTTCCTATTTATGTT-1,7
AGTTCTGCGTTGTATC-1,1
AGTTGACATCGGCTGG-1,6
AGTTGACGGTCCTTGC-1,11
AGTTGCGGTCCTCAAC-1,2
AGTTGCTGACTGATAT-1,1
AGTTGGCAAGGCTAGA-1,3
AGTTTATGTAAAGACA-1,4
AGTTTCGCAGGTCGGA-1,9
AGTTTGCACCTGCCTC-1,11
AGTTTGGCACGGGTTG-1,1
AGTTTGGCCAGACCTA-1,9
ATAAACGGACCCGTAA-1,7
ATAAACGTTGCACCAC-1,8
ATAAAGGCTCGGTCGT-1,5
ATAAAGGTCAAGTACG-1,8
ATAAATATTAGCAGCT-1,5
ATAACGCCGGAGGGTC-1,5
ATAACGGAGTCCAACG-1,12
ATAACGTTACCTCCAC-1,4
ATAAGGTGGAGAACAT-1,7
ATAAGTACCCGATTGT-1,4
ATAAGTAGGATTCAGA-1,4
ATAAGTAGGGCGACTC-1,8
ATAAGTTACCGCGACG-1,5
ATAATACCGTTAGCCG-1,1
ATAATAGCTGTTGAAT-1,7
ATAATAGTGTAGGGAC-1,1
ATAATCTTGGAGAACC-1,11
ATAATTAGCTAAGTAG-1,11
ATACAGGCCCTCCAAT-1,11
ATACCACGGGCAACTT-1,5
ATACCAGCAAATTGCT-1,10
ATACCAGGCTAATAGA-1,10
ATACCAGGTGAGCGAT-1,10
ATACCGTCATCCATAA-1,4
ATACCTAACCAAGAAA-1,11
ATACGCCGGCGAAACC-1,1
ATACGGAACGTCGTTT-1,2
ATACGGGTTTCGATTG-1,1
ATACGTACTTAGCCAC-1,11
ATACGTCCACTCCTGT-1,1
ATACGTTATGCACGGA-1,11
ATACTACCCGTACCAC-1,1
ATACTAGCATGACCCT-1,9
ATACTCTCGCCACTCT-1,6
ATACTGCCTTACACCG-1,9
ATAGACAACGGGACCT-1,4
ATAGACGAAGAGAAAG-1,5
ATAGAGTACTGGGACA-1,12
ATAGAGTTATCAACTT-1,4
ATAGATTTGCAGTCGG-1,8
ATAGCAACTAGGGAAG-1,3
ATAGCCATAACAGTCA-1,3
ATAGCCTCAGTACCCA-1,6
ATAGGAATCTAAGCTT-1,4
ATAGGCGGCTATAGAA-1,5
ATAGGCTAGCTTCGCA-1,4
ATAGGGATATCCTTGA-1,10
ATAGGTTGGGCAGATG-1,12
ATAGTCTTTGACGTGC-1,8
ATAGTGAAGCGTTCTC-1,5
ATAGTTCCACCCACTC-1,8
ATATAAAGCGCTCGTG-1,11
ATATAAATGTAGCTGC-1,11
ATATAACACGGGCGCA-1,3
ATATACGCTCGTGACG-1,3
ATATAGAGTATTGGTC-1,2
ATATCAACCTACAGAG-1,8
ATATCGGTAGGGAGAT-1,8
ATATCGTGCCAGACCC-1,8
ATATCGTTCCTCGAAC-1,3
ATATCTCCCTCGTTAA-1,1
ATATCTTAGGGCCTTC-1,11
ATATGGGATAGCAACT-1,2
ATATGTCTAGAGCGTG-1,2
ATATGTCTCCCTAGCC-1,7
ATATGTGCACAAACCA-1,4
ATATTCAGTTAAACCT-1,5
ATATTCCACATAGTGA-1,1
ATATTCCCACAGGTCA-1,6
ATATTGCTGTCAAAGT-1,1
ATATTTAACCCTCAAG-1,12
ATCAAACACTGTTCCA-1,9
ATCAAACGAAGGTTTG-1,7
ATCAAGATCCCAGGAC-1,2
ATCAATCTGGGCTGCA-1,12
ATCAATGCCGTGGCTG-1,2
ATCACATTAGAATATC-1,1
ATCACGTGCTAATTAA-1,5
ATCACTTCATCCTCGC-1,10
ATCAGACGGCACGCCG-1,5
ATCAGCCTCATGCTGC-1,3
ATCAGCTCGTCCACTA-1,1
ATCAGGTCGCCATTGC-1,4
ATCAGTAGGCAGGGAT-1,1
ATCATAGCCCTATGTA-1,3
ATCATCCAATATTTGT-1,5
ATCATCTGCCCAGTGT-1,10
ATCCAACGCAGTCATA-1,9
ATCCAATGGAGGGTCC-1,5
ATCCACATCGACAGAA-1,11
ATCCACGCTAAATGTT-1,8
ATCCACTTTCAGACTA-1,4
ATCCAGGATTCGTGAA-1,5
ATCCCATCCACAGCGC-1,2
ATCCCATTTCCGTGGG-1,2
ATCCTACCTAAGCTCT-1,5
ATCCTGAATCGCTGCG-1,5
ATCCTGCGTGGAATGG-1,5
ATCCTGCTGCAGATAG-1,10
ATCGACCCAATACAGA-1,5
ATCGACTCTTTCCGTT-1,10
ATCGCACGATTGTTCA-1,6
ATCGCACGCCGGGAGA-1,6
ATCGCCAGTCAACATT-1,8
ATCGCTGCGTGCAGCA-1,4
ATCGGAGACAGACGGC-1,1
ATCGGCAAGCAGTCCA-1,4
ATCGTCCAATCGAGTC-1,9
ATCGTGGAAAGTCTGG-1,2
ATCGTTAGCTAGCGGA-1,3
ATCGTTCACTTTCGCC-1,4
ATCTAATATCCTACGG-1,11
ATCTACCATCTGCTCC-1,3
ATCTAGCTTGTGAGGG-1,3
ATCTCCCACGGAATAT-1,1
ATCTCCCTGCAATCTA-1,7
ATCTCGTGAGCGAAAC-1,1
ATCTGACATGGAAGGA-1,2
ATCTGCACCTCTGCGA-1,4
ATCTGCTGTTATCGCC-1,2
ATCTGGGCTGTTCTTG-1,11
ATCTGGTTAAGACTGT-1,12
ATCTGTAATTGTACCC-1,6
ATCTTAGGGCATTAAT-1,2
ATCTTATCGCACACCC-1,3
ATCTTGACCTGCAACG-1,12
ATCTTGACTTGTCCAA-1,1
ATCTTTCGTATAACCA-1,1
ATGAAGCCAAGGAGCC-1,9
ATGACGCCGGCTCTAA-1,6
ATGACGCGTTCTATCC-1,1
ATGACTATCAGCTGTG-1,2
ATGACTATGCGACATT-1,1
ATGAGGAGTGTTAATC-1,1
ATGAGGGCAGCGGCTA-1,1
ATGATCGGGAATAGAC-1,8
ATGATGCAATGGTACA-1,5
ATGCACGCGCTGTTCA-1,2
ATGCACTACCGCATTG-1,12
ATGCATGATCCAGGAT-1,12
ATGCATTCCGTGATGG-1,10
ATGCCAATCGCTCTGC-1,1
ATGCCATTTGCGACCA-1,2
ATGCCGGTCTTGCATA-1,12
ATGCCGGTTGATGGGA-1,4
ATGCGACAATTGGTCC-1,4
ATGCGACAGTCCCATT-1,12
ATGCGAGTCCCACCAC-1,11
ATGCTCAGTGTTGCAT-1,9
ATGCTCTGGCGCGGTA-1,9
ATGCTTAGGAGTTGAT-1,9
ATGGAACCTTTGCACA-1,8
ATGGAGCAGGCCGTGA-1,5
ATGGATCCGGCGTCCG-1,1
ATGGATTGACCAAACG-1,9
ATGGCAGCATTACGAT-1,2
ATGGCTGGAAATGGCC-1,4
ATGGGAACGGAAGCGG-1,7
ATGGGACCTGCTGAAC-1,2
ATGGGCCTCGGCCTCT-1,2
ATGGGTGTATACCTCC-1,2
ATGGTATTGGGAACCG-1,2
ATGGTATTTACTGATT-1,2
ATGGTCGCGTGGTTTC-1,2
ATGGTGCTCAAAGCCA-1,10
ATGGTTACGAAACATG-1,4
ATGTAAGGCTGCTCTT-1,12
ATGTACATGCGGTGAG-1,3
ATGTACGATGACGTCG-1,11
ATGTAGCGCGCGTAGG-1,3
ATGTGAAAGCCTAATG-1,7
ATGTGCATCCGACGCA-1,10
ATGTGTAGTTTAGTCA-1,10
ATGTTACGAGCAATAC-1,6
ATGTTGATTAGAGACT-1,3
ATGTTGTAGTCTGTTT-1,2
ATTAAACATGCGGACC-1,5
ATTAATACTACGCGGG-1,10
ATTAATGAACCAGTCG-1,1
ATTAATTCGGTCACTC-1,10
ATTACAACTACCGGCC-1,7
ATTACATGTCAGTCTT-1,1
ATTACCACACTGCCTG-1,1
ATTACGACTCCACAGT-1,4
ATTACGCGCTGGCAGG-1,5
ATTACTAGCCTCTTGC-1,6
ATTACTTACTGGGCAT-1,4
ATTAGATTCCTCAGCA-1,4
ATTAGATTGATAGCGG-1,6
ATTAGGCGATGCTTTC-1,5
ATTATACTTTGCTCGT-1,1
ATTATAGCTACTTTAC-1,12
ATTATCGGAATGTACG-1,2
ATTATCTCGACAGATC-1,10
ATTATGAGACCCAATT-1,2
ATTATGCCATAGGGAG-1,6
ATTATTATGTCCGTCA-1,2
ATTATTCAGAGTCACT-1,3
ATTCAACCATTTAAGG-1,3
ATTCACTGATGTTGGA-1,11
ATTCAGGACCTATTTC-1,1
ATTCAGTAGCAGGGTC-1,7
ATTCATATACTGTCCA-1,9
ATTCATCGTTGAGGCA-1,3
ATTCCCACATAAACAA-1,7
ATTCCTAAGACGTGGA-1,1
ATTCCTCCGCCAGTGC-1,1
ATTCCTTCCAGGCGGT-1,6
ATTCGACGCCGGGCCT-1,5
ATTCGCGCCTTGAGAG-1,3
ATTCGTGCTATCTCTT-1,8
ATTCGTTTATCGTATT-1,3
ATTCTCGTCTCTTTAG-1,10
ATTCTGAGTATGAACT-1,10
ATTCTTCGTACTTATG-1,7
ATTGAAGATCTTAGTG-1,9
ATTGACCGGCGATGAC-1,1
ATTGACGTAACTCGGT-1,8
ATTGATAGCAACGAGA-1,6
ATTGATGAGTCCTAAC-1,7
ATTGCCTATTAGACCG-1,2
ATTGCCTTTATGTTTG-1,3
ATTGCGATCAGTAACT-1,3
ATTGCTGCTCCTCCAT-1,5
ATTGGATTACAGCGTA-1,3
ATTGGGAATATCTTGG-1,6
ATTGGGAGTTCTGTAA-1,4
ATTGGTTGTGCATTAC-1,3
ATTGTACAACTCGGCT-1,8
ATTGTCGCAATACCTT-1,1
ATTGTCTGTTTCATGT-1,2
ATTGTGACTTCGCTGC-1,4
ATTTAACTCGTATTAC-1,6
ATTTACAGTTTACTGG-1,5
ATTTACTAAGTCCATT-1,8
ATTTATACTGGTAAAG-1,2
ATTTCATTATTTCGCG-1,9
ATTTCCGGGTTCTGCG-1,2
ATTTGCCTAGTTACGA-1,4
ATTTGCGCGAGTAGCT-1,2
ATTTGTCTTGGGAGCT-1,2
ATTTGTTCCAGGGCTC-1,1
CAAACCCTCCGGCGGG-1,3
CAAACGAGTATCGCAG-1,5
CAAACGGTCGCACTTT-1,9
CAAACGTGGTCTTGCG-1,8
CAAACTACGATAGAGA-1,9
CAAACTATTGAGCTTC-1,5
CAAACTCGCGACGCCG-1,1
CAAAGATTATTGGGCC-1,2
CAAAGGTTAAATTCAG-1,4
CAAATCTCTCACAAGG-1,12
CAAATGCGGAGTGTTC-1,10
CAAATGTCCTTCCGTG-1,5
CAAATTGGATTATGCC-1,4
CAAATTGTCAGCAAGC-1,9
CAACACATCTCCTGCC-1,8
CAACAGTGCCAAACGG-1,8
CAACCAGTGGCCTACC-1,8
CAACCTACCGAGCAGT-1,3
CAACCTGAACCTGCCA-1,1
CAACGACCCGTTTACA-1,6
CAACGGTTCTTGATAC-1,12
CAACGTGGTGGAGTCT-1,1
CAACTATATCGAATGC-1,7
CAACTCCAACGTTTAG-1,10
CAACTCCGTAACTTGC-1,4
CAACTCCTTGATCCCG-1,6
CAACTGAGGGTATGAC-1,4
CAACTGCTCATCCGAT-1,11
CAACTTGTAGTGGGCA-1,6
CAAGAAACCCTAAACT-1,4
CAAGATATTATAACGT-1,2
CAAGCAACGTCGGAGT-1,5
CAAGCACCAAATGCCT-1,1
CAAGCGGCACATAATT-1,11
CAAGGATCGCATGTTC-1,9
CAAGGCCAGTGGTGCA-1,3
CAAGGTCCTATAGGCT-1,8
CAAGTAAGTGATAGAC-1,2
CAAGTGAACTTTGGTT-1,10
CAAGTGTGGTTGCAAA-1,7
CAATAAACCTTGGCCC-1,12
CAATACGAGAGTCTGA-1,1
CAATACGCTCTGAGGC-1,7
CAATATGTAGATTTAC-1,4
CAATATTGGACTAGTG-1,6
CAATCCCTATACCAGC-1,7
CAATCCTGCCGTGGAG-1,6
CAATGACCCTTAATTT-1,2
CAATGAGGTTCGACTA-1,1
CAATGCGAGAAGTATC-1,11
CAATGGAATCTACATA-1,1
CAATGGATCTCTACCA-1,1
CAATGGTCGGCCTGGG-1,10
CAATGTGCCAACCCTT-1,8
CAATTAAGGGTGATGA-1,9
CAATTTCGTATAAGGG-1,9
CAATTTGACCGGGAAG-1,6
CACAAACCGCAGAACT-1,3
CACAAGAAAGATATTA-1,4
CACAAGCTAAGAAAGG-1,2
CACAATGAGCTGCTAT-1,5
CACACACGCTAACGAG-1,3
CACACAGCTTGCGCTC-1,1
CACACAGGGATAGATT-1,1
CACACGCGCTGTCTTA-1,4
CACACGTTTCAATGGG-1,4
CACACTTGTATTGCGA-1,4
CACAGAGACGAGGACG-1,2
CACAGCACCCACGGCA-1,12
CACAGCTAGGGAGTGA-1,6
CACAGGGCCATATAGT-1,3
CACAGGGCCGTTGTCA-1,11
CACAGTCCCGCTTCGC-1,8
CACAGTTCGCTTCCCA-1,1
CACATCGTGCACGCGC-1,2
CACATCTCACCGACGA-1,11
CACATGATTCAGCAAC-1,5
CACATGTTTGGACATG-1,6
CACATTCTTTCGATGG-1,4
CACATTTCTTGTCAGA-1,8
CACCAGTCAGCATGCA-1,2
CACCATCGGAGGAGAC-1,6
CACCATGATCGCAAAG-1,4
CACCCAAATCTTATGT-1,8
CACCCACACGTCACCC-1,6
CACCCACGAGGCAATT-1,1
CACCCGCGTTTGACAC-1,3
CACCCTAACAAGATCT-1,11
CACCCTTGGTGAGACC-1,1
CACCCTTTCCTCGCTC-1,6
CACCGATACACCGAGC-1,9
CACCGATGATGGGTAC-1,3
CACCGCCAGAAGGTTT-1,9
CACCGCCGACCAGCGA-1,11
CACCGCGTCCACTCTA-1,1
CACCGGAGATATCTCC-1,4
CACCGGGCATCACAAG-1,3
CACCGGTAGAGACATT-1,2
CACCGTATCCCATCCG-1,1
CACCGTTGCGCGATAT-1,7
CACCTAATAGAGTCGT-1,6
CACCTAATCAGTTTAC-1,1
CACCTCGATGGTGGAC-1,10
CACCTTGCGAAACTCG-1,1
CACCTTGGCGCCTTTG-1,8
CACGAAAGTTAGTCCC-1,5
CACGACGTAATAGTAA-1,4
CACGACTAAAGTTCTG-1,10
CACGATTGGTCGTTAA-1,10
CACGCACAGCGCAGCT-1,7
CACGCAGCGAGGCTTT-1,9
CACGCGGAACTGTTGC-1,8
CACGGACGTGGATGGC-1,4
CACGGCGCGCCAAAGG-1,1
CACGTCAATCAATGGA-1,9
CACGTCGGCAACCTCT-1,5
CACGTCTATGATGTGG-1,4
CACGTTCGTGCTCTAG-1,1
CACGTTTCGTACACAC-1,3
CACTAAAGTTGCCTAT-1,5
CACTACGGGAGCTGCC-1,1
CACTACTCAGTTCTGT-1,8
CACTCAAGAGCTATGG-1,5
CACTCAGCTCTTGAGG-1,8
CACTCCTATGTAAGAT-1,2
CACTCCTCTCGGTCGG-1,4
CACTCGAGCTGAACAA-1,7
CACTCTCAAGCATCGA-1,2
CACTCTTCTGCTAGCC-1,3
CACTGACGATTGTGGA-1,2
CACTGTCCAAGTGAGA-1,6
CACTTAATCAGACGGA-1,5
CACTTCGCCACAGGCT-1,1
CACTTCGTCTTATCTC-1,6
CAGAACTTAGCCCTCT-1,3
CAGAATAACACACGGA-1,9
CAGACCTGTAAGTGTT-1,4
CAGAGCATGAGCTTGC-1,10
CAGAGTGATTTAACGT-1,8
CAGATAATGGGCGGGT-1,3
CAGATACTAACATAGT-1,9
CAGATATGAAGATGAC-1,2
CAGATCATTTAAAGTC-1,4
CAGATCCTGGTTTGAA-1,2
CAGCAGCCCGTTCCTT-1,9
CAGCAGTCCAGACTAT-1,1
CAGCAGTCTGTGCTGC-1,11
CAGCCCTCACAGGCAG-1,10
CAGCCGGGCCCTCTAT-1,9
CAGCCTCCTGCAGAGG-1,7
CAGCCTCTCCTCAAGA-1,4
CAGCTCACTGAGACAT-1,9
CAGCTCGACAAGTTAA-1,4
CAGCTCGTGCTTGTGT-1,6
CAGCTGGCGTAACCGT-1,7
CAGCTTAGTAGGTAGC-1,5
CAGGAAGACTTTATAT-1,1
CAGGATATATCGTTGT-1,9
CAGGATCCGCCCGACC-1,10
CAGGCAGTCTTACCAG-1,3
CAGGCCAGTACCACCT-1,2
CAGGCCGTTTGGGTGT-1,5
CAGGCGCACGGTGGTC-1,2
CAGGCGCCATGCTAGG-1,2
CAGTAACTATTTATTG-1,4
CAGTAATCCCTCCCAG-1,6
CAGTACATTCTCTAAA-1,4
CAGTACCAGTTTACGT-1,7
CAGTAGCCCACGCGGT-1,4
CAGTAGCGAGGTAGTA-1,10
CAGTCCAACGCCTTCT-1,4
CAGTCGAGGATGCAAT-1,4
CAGTCTCTCGGCTAAT-1,6
CAGTCTGTATACTGGG-1,5
CAGTGAATAAATGACT-1,7
CAGTGGTTGCACATGA-1,6
CAGTGTCCGCAGAATG-1,6
CAGTGTCGGCTGGCCC-1,3
CAGTGTTAATCTCTCA-1,2
CAGTTCAAATTGACAC-1,12
CAGTTCCGCGGGTCGA-1,1
CAGTTCGAGGACCCGA-1,2
CATAACGGACAGTCGT-1,7
CATAAGAAGCTTGGCT-1,11
CATAAGCTCTCCGTCT-1,7
CATAATGAGCGGGCGA-1,10
CATACAAAGCCGAACC-1,6
CATACACGGTTCCCAC-1,11
CATACCCGTACCCAGT-1,5
CATACGAACTAGCTGG-1,2
CATACGGCGTCTGGGC-1,5
CATACGGGTGCATGAT-1,6
CATACTATGTAATTGT-1,5
CATACTTAGGCAATAC-1,8
CATACTTCTTTCTCCG-1,2
CATAGAGGAGATACTA-1,3
CATAGCCGCCCGGGAT-1,1
CATAGTACATTGAGAG-1,9
CATAGTAGCATAGTAG-1,5
CATAGTCAAATACATA-1,3
CATAGTCCACAAGAAC-1,5
CATATACTACTGATAA-1,4
CATATAGGTACAGTCA-1,5
CATATGTCAGGCTACG-1,7
CATATTATTTGCCCTA-1,8
CATCAAACTGGCGCCC-1,4
CATCATCTACCCGGAC-1,10
CATCATTACCCTGAGG-1,3
CATCCAATATAGTTTG-1,2
CATCCCGAGATTCATA-1,3
CATCCGCAGGCCCGAA-1,6
CATCCTCTCAAAGATC-1,3
CATCGCCCGCGGCCAA-1,6
CATCGGACGGGTTAAT-1,5
CATCTACCCGAGAACG-1,4
CATCTATCCCGTGTCT-1,1
CATCTTACACCACCTC-1,8
CATGAACCGACATTTG-1,6
CATGAACCTCTTATCA-1,8
CATGACTTCGCTGAAT-1,8
CATGAGATGCACTCTC-1,9
CATGATCGCTTTGAGA-1,3
CATGATGCACAATTCT-1,10
CATGATGGAAGTTAGC-1,8
CATGCATGGAGACCCT-1,8
CATGCCAACTCGCAAA-1,9
CATGCGACCAGTTTAA-1,4
CATGCGTTAGACAGAA-1,6
CATGCGTTGAGAGGAG-1,2
CATGCTGGCTCCAATT-1,6
CATGGAAATGGGACCA-1,4
CATGGATTGTCTTCCG-1,3
CATGGCAGGAAGATCG-1,6
CATGGGTATGCCTTAT-1,9
CATGGGTCGGGTGTGG-1,1
CATGGTCTAGATACCG-1,12
CATGGTTTATTAATCA-1,3
CATGTAAGAGACATTT-1,3
CATGTAGGAGCGCCAA-1,4
CATGTCTCATTTATGG-1,1
CATTACATAGATTGTG-1,4
CATTACGCAGGAAGGG-1,3
CATTACGTCGGCCCGT-1,9
CATTATAACAGGGTCC-1,10
CATTATCCCATTAACG-1,2
CATTATGCTTGTTGTG-1,9
CATTCACTGACAGCTA-1,8
CATTCAGGTCAGTGCG-1,6
CATTCCCATTCCGTCG-1,8
CATTCCCTAAGTACAA-1,6
CATTGATGAACACGCC-1,4
CATTGCGGGTCAATTC-1,4
CATTGTGTGCTAGATC-1,9
CATTTAGCGGACCATG-1,1
CATTTATCGTTCAAGA-1,8
CATTTCTAGCAGACTA-1,6
CCAAACAGAACCCTCG-1,6
CCAAATAACAAGATTC-1,1
CCAAATCAAAGGGCAA-1,2
CCAACCTTATGTAACT-1,2
CCAACGATGCACTGAT-1,9
CCAACGCTTGCCAGGG-1,4
CCAAGACTTCTGCGAA-1,9
CCAAGCGTAACTCGTA-1,5
CCAAGGAACAGAGAGG-1,6
CCAAGGTTGCCCTTTC-1,3
CCAATAGTGCCGTCGA-1,5
CCAATCGGTAGATCGA-1,1
CCAATGTCACAGCAAG-1,5
CCAATTACGGGTCGAG-1,4
CCAATTGAATGTTAAT-1,6
CCACAATGTACGTCTT-1,1
CCACACTGAGATATTA-1,5
CCACAGCTGAAATCAT-1,6
CCACAGTACCCATCCT-1,1
CCACATACTGCACCCA-1,1
CCACCCAAGGAAAGTG-1,5
CCACGAATTTAACCTC-1,8
CCACGAGAAGAGAATC-1,1
CCACGGAGCCATAAGA-1,7
CCACGGTGCCCGGTAG-1,8
CCACGTAAATTAGACT-1,8
CCACTAAACTGAATCG-1,6
CCACTATCCGGGTCAC-1,1
CCACTCAGATCCGCAA-1,3
CCACTGGTGGCTGGTT-1,9
CCACTGTTTGGATTAA-1,1
CCAGAAACTGATGCGA-1,3
CCAGAGACAAAGCCGG-1,1
CCAGATAGTTGAGTGA-1,4
CCAGCCTGGACCAATA-1,5
CCAGCTACGCCTCATA-1,10
CCAGCTCGAACGCATT-1,11
CCAGCTGATGGTACTT-1,5
CCAGCTTCCGCCCGCA-1,7
CCAGGGACGTGGCCTC-1,12
CCAGTAGTCTGATCCA-1,4
CCAGTCCATTATTCGA-1,6
CCAGTCTAGACGGCGC-1,1
CCAGTCTTGTCATAGA-1,11
CCAGTGTACAGACCGA-1,2
CCAGTTCGGTAACTCA-1,3
CCATAAACAACCCGAC-1,9
CCATACCTTTACTTGT-1,4
CCATAGGTTGGCGTGG-1,6
CCATAGTCAGTAACCC-1,6
CCATATGGAAACTATA-1,3
CCATATTGGATCATGA-1,6
CCATCCATACCAAGTC-1,6
CCATCTCACCAGTGAA-1,8
CCATCTTGTTCACAAT-1,10
CCATGCCCTAGATTTC-1,3
CCATGCCTGTTTAGTA-1,5
CCATGCTCTGCAGGAA-1,6
CCATGGCCCTTGTACC-1,9
CCATGTTCATCTATAT-1,2
CCATTAGCGATAATCC-1,9
CCATTCCCTGCCCACA-1,5
CCATTGTTTCCTCCAT-1,1
CCATTTCTACCTATTA-1,11
CCCAAACATGCTGCTC-1,7
CCCAACATACGTCGCG-1,5
CCCAACCACACTAACA-1,8
CCCAAGACAGAGTATG-1,10
CCCAAGTCATTACACT-1,3
CCCAATGAGATTTGCA-1,2
CCCAATTTCACAACTT-1,5
CCCAGAGGAGGGCGTA-1,4
CCCAGGAAGAATTCGA-1,2
CCCAGGTCTGAAGGCT-1,1
CCCAGTAAACTTGGGA-1,1
CCCAGTTAAGGCGCCG-1,2
CCCATATAGGTCGATT-1,1
CCCGAAGTTTCGCGAA-1,7
CCCGACCATAGTCCGC-1,1
CCCGAGTTTCTCCGTA-1,11
CCCGCAGCGCGAACTA-1,7
CCCGCAGGGCCCAAAG-1,8
CCCGCCATGCTCCCGT-1,6
CCCGCGCAATGCACCC-1,6
CCCGGGTCGTTCAGGG-1,1
CCCGGTGGAAGAACCT-1,7
CCCGGTGTATCGGAAT-1,1
CCCGTAAGTCTAGGCC-1,5
CCCGTAGCTGGGAAGA-1,2
CCCGTCAGCGTCTGAC-1,9
CCCGTTTCGCAGATGT-1,1
CCCTACCCACACCCAG-1,3
CCCTACTTGAACAATG-1,3
CCCTAGTGTCAGGTGT-1,6
CCCTATGTAGAGCAGA-1,2
CCCTCATTCTGGAATT-1,6
CCCTCCTCGCTCGTAT-1,1
CCCTCGATAATACACA-1,2
CCCTCGGGAGCCTTGT-1,10
CCCTGAAATGAGTTGA-1,9
CCCTGACTAACAAATT-1,7
CCCTGATGTAACTCGT-1,1
CCCTGCCCAATCCGCT-1,1
CCCTGCGCTACGCATA-1,5
CCCTGGTATGGGCGGC-1,8
CCCTTTAATGGAGTTC-1,3
CCGAAAGTGGTGAGCA-1,6
CCGAACACTGGGCCTC-1,1
CCGAACCTTCCCGGCC-1,1
CCGAAGTATATTGTTC-1,1
CCGACAAACACATGAG-1,9
CCGACAAAGGGAGTGC-1,9
CCGACAATAGGCCGCC-1,8
CCGACGGGCATGAGGT-1,2
CCGACGTAAACACAAC-1,4
CCGACTCGCATAGTCT-1,8
CCGAGAAGTCGCATAA-1,11
CCGAGCTGTGCTTGTC-1,1
CCGAGGGATGTTAGGC-1,8
CCGATCTCAACCTTAT-1,8
CCGATCTTAAGAGGCT-1,4
CCGATTCGAGGGACCC-1,9
CCGCACAAAGACCAAC-1,5
CCGCACGTGACCTCGG-1,5
CCGCACTTGCAATGAC-1,3
CCGCATGTGGTACGAT-1,11
CCGCCACCACAATCCA-1,8
CCGCCGGAACTTCTCG-1,1
CCGCCGGTCAACACAC-1,6
CCGCCGTTGAGGATAA-1,7
CCGCCTGCGAATTGGT-1,4
CCGCGGGTACGAAGAA-1,5
CCGCGTAGGTAAGGGC-1,1
CCGCTATCAGCACCAG-1,7
CCGCTCCAGGGCGATC-1,3
CCGCTCTTCCGAACTA-1,3
CCGCTGGTGCCATTCA-1,8
CCGCTTACCTCACTCT-1,5
CCGCTTGCTGACATGG-1,4
CCGGAAGTGCAATATG-1,3
CCGGAATGGTTTCAGT-1,1
CCGGAGCGTACTTTCT-1,9
CCGGAGGTCTTATGGT-1,4
CCGGCACGACCGTTTC-1,8
CCGGCGCATATTGGAT-1,6
CCGGCGTGAGACTCTG-1,1
CCGGGACCCGCAGAGA-1,8
CCGGGCGGTCTCGTCA-1,1
CCGGGCTAAGAATTTC-1,2
CCGGGCTGCTCCATAC-1,7
CCGGGTTCGAGGTTAC-1,5
CCGGTAATGGCTAGTC-1,8
CCGTAAGTTGGTCCCA-1,5
CCGTACCCAAGCGCCA-1,6
CCGTAGGAAATCCCTG-1,3
CCGTAGGGTTGTTTAC-1,3
CCGTATCTCGTCGTAG-1,1
CCGTATTAGCGCAGTT-1,4
CCGTCAACCTCTGGCG-1,2
CCGTGAGGCATTCATG-1,8
CCGTGCCCATGACGGC-1,6
CCGTGGAACGATCCAA-1,4
CCGTGTTAAATTCCAT-1,5
CCGTTACGTTAGAACA-1,1
CCGTTCCGAATCTCGG-1,9
CCTAAACAGGGTCCGT-1,10
CCTAAAGGCTGACGCT-1,1
CCTAAATTAACGGTTC-1,5
CCTAAATTGTATCCTA-1,1
CCTAACCCAAACAAGT-1,1
CCTAACTAAGGCTCTA-1,4
CCTACAAGTCCGGAAT-1,4
CCTACATTCACAGACG-1,1
CCTACGGCTCAGTCGA-1,6
CCTACTGCTTACACTT-1,12
CCTAGGCGTAGCGATC-1,1
CCTAGGTAAAGGTAGC-1,9
CCTAGTTAGTCGCATG-1,11
CCTATAATGAGTGCCC-1,11
CCTATATCGTGTCACG-1,2
CCTATATTTGTCCTGG-1,2
CCTATCTATATCGGAA-1,1
CCTATGAAGTGGTGCC-1,8
CCTATGGCTCCTAGTG-1,2
CCTATGGGTTACCGTC-1,12
CCTATGGTCAAAGCTG-1,3
CCTATGTCCACTCCAC-1,3
CCTCACCAATCTTGAC-1,6
CCTCACCTGAGGGAGC-1,4
CCTCACCTTAGCATCG-1,4
CCTCATGCAGCTACGA-1,6
CCTCCCGACAATCCCT-1,8
CCTCCGACAATTCAAG-1,5
CCTCCTAGCTAGAGTC-1,2
CCTCCTGTTGTGTCGT-1,3
CCTCGAAGTGGACGGG-1,7
CCTCGACCCACTGCCT-1,8
CCTCGCCAGCAAATTA-1,1
CCTCGCGCGATATAGG-1,4
CCTCGCGCTGTGCGAT-1,11
CCTCGGACCGGGATAG-1,2
CCTCGGTTTCCTTGCC-1,2
CCTCGTTACGCCTGTT-1,4
CCTCTAATCTGCCAAG-1,7
CCTCTACAAGGATTGG-1,2
CCTCTATCGATTAGCA-1,1
CCTCTCTCCCATCTAG-1,5
CCTCTGGCCTAGACGG-1,9
CCTCTGTACTATTCTA-1,7
CCTGAACGATATATTC-1,7
CCTGAATATTTACATA-1,10
CCTGACCACCGATGGT-1,9
CCTGACGCAACCTTTA-1,10
CCTGAGAATAAATGCA-1,2
CCTGATTCGCGAAGAA-1,3
CCTGCGATAGAACTGT-1,6
CCTGCTATTTGAGAAG-1,12
CCTGGAAACGTTCTGC-1,8
CCTGGCTAGACCCGCC-1,5
CCTGGTCGAATGTGGG-1,11
CCTGTAAGACATGATA-1,9
CCTGTACTCACGCCCA-1,5
CCTGTCACCCGGGCTC-1,12
CCTGTCCCTCACGTTA-1,8
CCTGTCGCCCGTAAAT-1,9
CCTGTCGTGTATGAAG-1,2
CCTGTTCAACCTCGGG-1,2
CCTGTTTGAAGACACG-1,3
CCTTAAGTACGCAATT-1,3
CCTTCAGTTAAAGTGA-1,2
CCTTCCGCAACGCTGC-1,2
CCTTCGTATAGAATCC-1,2
CCTTCTCAGCGTTCCT-1,7
CCTTCTTGATCCAGTG-1,1
CCTTGACCACTTTATT-1,8
CCTTGTGAACGTGGTT-1,2
CCTTTCAATGAAGAAA-1,4
CGAAACATAGATGGCA-1,8
CGAAACGCAATTCATG-1,5
CGAACAGTATGGGCGT-1,1
CGAACATAGTCAGAAA-1,4
CGAACCCGCATGCGTC-1,1
CGAACCTCTTTCCTAG-1,2
CGAACGCCCAGTGCCG-1,1
CGAACGGCCGGACAAC-1,1
CGAAGATCAGTTTCAT-1,2
CGAAGCTATAAATTCA-1,4
CGAAGGGTTTCAGATT-1,2
CGAAGTTGCTCTGTGT-1,5
CGAATCTGCTCGACGC-1,2
CGAATGAAGTCATTGC-1,2
CGAATGACGCATAATG-1,11
CGACAATTTGATCTAA-1,7
CGACACCGCTTAAGGA-1,4
CGACACGCTCCGACAG-1,1
CGACAGTTCGCGTTAT-1,5
CGACATGCGATCTTCT-1,8
CGACCCTTAACGCCGG-1,7
CGACGCATCCGTACCT-1,8
CGACTCAGGATGTTAT-1,4
CGACTCGGTACACGGT-1,4
CGACTTTGTATAGCCT-1,12
CGAGACCCTAGAGTGT-1,5
CGAGACTACTGCTGCT-1,3
CGAGAGATGTGAACCT-1,12
CGAGAGCTTTCACTAC-1,3
CGAGAGGGTAGCCGCG-1,8
CGAGATTTCGCTCGGG-1,1
CGAGCACTTCAAGTTT-1,1
CGAGCGTTGATCAGCC-1,6
CGAGCTGGGCTTTAGG-1,10
CGAGGAGCTTCCATAT-1,1
CGAGGATCGGGAACGA-1,1
CGAGGCCAGGCATTGG-1,6
CGAGGCTAAATATGGC-1,12
CGAGGGACTGCGGTCG-1,9
CGAGGGTATCCAGGTG-1,11
CGAGTACTAAAGAGGA-1,5
CGAGTGAAGGTACCAG-1,2
CGAGTGCTATAGTTCG-1,6
CGAGTTCTGTCCCACC-1,1
CGAGTTTATCGGACTG-1,1
CGATAATACTCAGGTT-1,1
CGATACCTCGCGGACA-1,5
CGATAGCGATACAGTG-1,2
CGATAGTCGTACTGCA-1,3
CGATATTAGCCGCAGG-1,6
CGATCATTAGAGGCAC-1,4
CGATCCACCATTGTTG-1,2
CGATCCGACCCAGTGC-1,5
CGATCCTCGCAACATA-1,2
CGATCGAGAAGCACCA-1,2
CGATCTGTTGGAGGAC-1,7
CGATGGACCCTACGCC-1,4
CGATGTTGTTATCTAC-1,2
CGATTAAATATCTCCT-1,11
CGATTCGCCTGGCTGC-1,11
CGCAAACACGAGTTAC-1,9
CGCAATTACTTTCGGT-1,1
CGCAATTAGGGTAATA-1,12
CGCAATTCTACAATAA-1,7
CGCACATGTCCACTAC-1,2
CGCACGTCTGTTTATG-1,2
CGCACGTGCGCTATCA-1,8
CGCAGAAACATTTGCG-1,6
CGCAGATCTTCACCCG-1,4
CGCAGGCGATCCAAAC-1,1
CGCAGTTCTATCTTTC-1,3
CGCATCATGGCTTCAG-1,8
CGCATCCATCAGCCAG-1,1
CGCATGCCGAATGCGT-1,3
CGCATGGTGCGATGCT-1,5
CGCATTAGCTAATAGG-1,9
CGCCAAGAAGCCGAGT-1,1
CGCCACCCGCATTAAC-1,6
CGCCATCCGATTATGA-1,1
CGCCCAGCACGCCTAG-1,10
CGCCCAGCGTTTCACG-1,3
CGCCCGCTTCCGTACA-1,1
CGCCCTAATTGTTCAA-1,2
CGCCCTTGAAGGCTGA-1,7
CGCCGCCCATGCCTGT-1,7
CGCCGCGTTCTGAACG-1,2
CGCCGTTCAGCATAGT-1,1
CGCCTCCCTCCTCTAT-1,7
CGCCTGGCCTACGTAA-1,5
CGCCTTTAGCATGCTC-1,1
CGCGAAGTGGCATACT-1,3
CGCGACCGCGACAGAT-1,9
CGCGAGAGGGACTTGT-1,1
CGCGAGTCTGCCGGGT-1,7
CGCGCAAATGTCCAGA-1,2
CGCGCAAGGAACTACA-1,6
CGCGCCCGACTTAATA-1,7
CGCGGCAGTATTACGG-1,9
CGCGGCTCAACTTGAA-1,8
CGCGGGAATTAGGCAG-1,9
CGCGGGAATTCCTTTC-1,3
CGCGGTAAGTCTAGCT-1,9
CGCGGTACGGTATACA-1,7
CGCGGTCACAAACCAA-1,4
CGCGTACATTCTGGAA-1,4
CGCGTCATATTAAACC-1,10
CGCGTTCATGAAATAC-1,12
CGCTACGGGACATTTA-1,5
CGCTAGAGACCGCTGC-1,8
CGCTATACCGCCCACT-1,6
CGCTATTCAATGTATG-1,1
CGCTATTCTTAGGCTC-1,1
CGCTCGACATAATGAT-1,9
CGCTCTCCGTAGATTA-1,5
CGCTGGTGACTACCCT-1,1
CGCTGTGACGCCGCAC-1,12
CGCTGTGTGGATGTTG-1,2
CGCTTAGTATTGATAC-1,2
CGCTTATTCCCGGTCG-1,5
CGCTTCCACTGAAATC-1,6
CGCTTCGGTCTAAGAC-1,3
CGCTTGGACGGATAGA-1,1
CGCTTTCATACCGGTG-1,6
CGCTTTCCGCCAAGGT-1,3
CGCTTTCTTGCATTCG-1,4
CGGAAATTTCACATCC-1,8
CGGAACGTAAACATAG-1,5
CGGACCTTTACGTCCC-1,3
CGGAGCAATTTAATCG-1,9
CGGAGCATGGCGATCC-1,5
CGGAGCTTATAACACC-1,9
CGGAGTTTGAGAGACA-1,9
CGGATAAGCGGACATG-1,6
CGGATCCTCAAGGACT-1,9
CGGATGAATGCTGTGA-1,2
CGGCAAACATCGTGCG-1,1
CGGCAATAAGATCGCC-1,1
CGGCACCGTTAGCGCC-1,7
CGGCACTCAAGAAAGT-1,6
CGGCAGGGTCGGGTTG-1,4
CGGCCACGCACAAAGT-1,9
CGGCCAGAGCGACCAT-1,2
CGGCCCAACCTGTAGT-1,1
CGGCCCAGGTATATCC-1,8
CGGCGCCATCAATCCC-1,3
CGGCTCTAAAGCTGCA-1,11
CGGCTCTTCGTCGAAC-1,8
CGGCTGCAAGATTAAG-1,8
CGGCTTTGTATGATAA-1,10
CGGGAACGCCCTGCAT-1,2
CGGGAAGTACCGTGGC-1,2
CGGGAATATAGTATAC-1,1
CGGGAATTTATGTAAA-1,7
CGGGAGCTTCAGTGTA-1,1
CGGGAGTATACCGCCG-1,6
CGGGATCAATGTAAGA-1,6
CGGGCAGCTAAACCGC-1,5
CGGGCCATAGCCGCAC-1,1
CGGGCCTTCTTTGTAA-1,5
CGGGCGATGGATCACG-1,3
CGGGTGTACCCATTTA-1,7
CGGGTTCGGCACGTAT-1,4
CGGGTTTGTTAGGGCT-1,1
CGGTAGAGGTGCAGGT-1,4
CGGTATAGGTATTAGC-1,4
CGGTATGGGCACTCTG-1,2
CGGTCAAGTGGGAACC-1,9
CGGTCCATGAGACTCC-1,4
CGGTCCGTCGCAAGCC-1,2
CGGTCTATCAACCCGT-1,1
CGGTGAAGACTAAAGT-1,5
CGGTGCAGATAGAACG-1,9
CGGTGCGCGTTGGTCC-1,9
CGGTGGGCTCCAGCCT-1,4
CGGTGTACTTGATCCC-1,9
CGGTTATCCAACAGTG-1,4
CGGTTCAAGTAGGTGT-1,4
CGGTTCCGGCTTCTTG-1,6
CGGTTGACCTGGCATA-1,5
CGGTTGAGTATCCTTC-1,2
CGGTTGGGCAGGGTCC-1,3
CGGTTGGGTTCAAGTT-1,4
CGGTTTATGAAGGAAC-1,4
CGTAAACGCTTGAGTG-1,6
CGTAAAGCAAGAAATC-1,2
CGTAACTTCGACACTT-1,2
CGTACCGAAAGTCTAG-1,10
CGTACCTGATAGGCCT-1,10
CGTAGAGAGTAATTAT-1,3
CGTAGCGAATTGTCAG-1,7
CGTAGCGCCGACGTTG-1,10
CGTATTAAGAGATCTA-1,9
CGTCACGTCCATTGGT-1,9
CGTCAGTGCGCACAAG-1,6
CGTCAGTTTATCGTCT-1,10
CGTCATACCATATCCA-1,6
CGTCCTCATCGCGTGC-1,3
CGTCGCATGTGAGCCA-1,3
CGTCGCGGCGGGATTT-1,1
CGTCGCTTGGTTATAC-1,2
CGTCGGATAGTGTTGA-1,7
CGTCGGGTCTAAGCGC-1,7
CGTCGTCCTTCGCGAA-1,11
CGTCTGGAAGGGCCCG-1,10
CGTGAAGTTAATTCAC-1,5
CGTGACATTGGGTCGT-1,1
CGTGACCAGTCCTCTG-1,11
CGTGCACACCACTGTA-1,3
CGTGCAGACTGGGACA-1,9
CGTGCATTGTCGACGC-1,9
CGTGCCCGACATTTGT-1,10
CGTGCTGGCCTAGTCG-1,6
CGTGCTTCTACCTAAA-1,2
CGTGGAAGCCTCGTAC-1,1
CGTGGCCGAATATCTA-1,10
CGTGGTACCCAAAGGC-1,2
CGTGTATGGGAGCTGA-1,7
CGTGTCCCATTCGCGA-1,12
CGTGTCTCGTTACGAC-1,2
CGTGTGTTAAACCCTG-1,8
CGTTAAACTAGTTAGG-1,1
CGTTAAATACGACCAG-1,3
CGTTAATGTCCCGACG-1,3
CGTTAGCTCACAACTG-1,4
CGTTCAAGGAAACGGA-1,2
CGTTCAGACCCGCGAA-1,11
CGTTCATGGTGCGCGT-1,1
CGTTCTTCGCACACCT-1,4
CGTTGAATACCGCGCT-1,11
CGTTGAGTAATTGCGT-1,4
CGTTGCCCGCGTGGGA-1,2
CGTTGTAAGATTGATT-1,4
CGTTGTCGGCAATTGA-1,11
CGTTGTTTCAATTCCC-1,5
CGTTTAAGCGGAGCAC-1,6
CGTTTACAAGGCAGCT-1,4
CGTTTCACTTCGGGCG-1,4
CGTTTCGCTCATTACA-1,9
CGTTTCGGTTATATGC-1,3
CTAAAGAATGCCTACT-1,5
CTAAAGGGAAATAGGA-1,5
CTAAAGTCCGAAGCTA-1,6
CTAAATCCGGTGTACA-1,2
CTAAATCCTATTCCGG-1,1
CTAACCGCGCGCCCGT-1,5
CTAACGAAACTTGCTG-1,4
CTAACTGATAATCGCC-1,1
CTAACTGGTCCGGTTC-1,7
CTAAGTACAGGGCTAC-1,4
CTAATTATGAAGCGTA-1,4
CTAATTCGCACGCGCT-1,5
CTAATTCTCAGATATT-1,4
CTAATTTCAACAACAC-1,9
CTACAAGAAATAACCC-1,2
CTACACTCGCAGATGG-1,3
CTACATATCGCGGGAC-1,2
CTACCCTAAGGTCATA-1,4
CTACGAACTAGGTCGA-1,8
CTACGACTAGCTATAA-1,5
CTACGATCCTATCCTA-1,2
CTACGCACGGAGTACC-1,9
CTACGCCATTTCCGAT-1,1
CTACGTGTTGCCACCA-1,6
CTACTATCATAGGTTT-1,7
CTACTATCTTTCAGAG-1,4
CTACTCAAGGTATAGT-1,2
CTACTCTAGGCCCGGC-1,5
CTACTGCCACCTGACC-1,12
CTAGACATATATGTAG-1,4
CTAGACTGCATTTCGT-1,4
CTAGATAAACTCCTCG-1,6
CTAGATGTGAGTGTAA-1,12
CTAGATTTACGACGGC-1,7
CTAGCATAGTATAATG-1,12
CTAGCCACAGGCGAGC-1,8
CTAGCCGATGTTATGA-1,4
CTAGGCGCCCTATCAG-1,3
CTAGGCGGCAGAGAAT-1,10
CTAGGGATAGGGACAA-1,2
CTAGGTCTGAAGGAAT-1,8
CTAGGTTCGGACGTGA-1,11
CTAGTAGAAAGGGATT-1,3
CTAGTATTCGGAATTA-1,9
CTAGTCACGTCTTAAG-1,5
CTAGTGAAGGACAGGA-1,5
CTAGTTACAACCCGGT-1,11
CTAGTTGGGCCCGGTA-1,12
CTATAAGAGCCAATCG-1,4
CTATAGGCGTTGATGT-1,2
CTATATCCAGCCTGGC-1,2
CTATCACAACGCTGGA-1,3
CTATCGACGAAATACA-1,3
CTATCGCGTAGAGAAC-1,8
CTATCGGGTCTCAACA-1,12
CTATGCCCGAATGCAA-1,11
CTATGGGAAGCGGAAT-1,1
CTATGTCACTAGCCCA-1,9
CTATGTCTATTGAAAC-1,6
CTATGTGAGTCACGGC-1,7
CTATTCATGTGTCCCA-1,7
CTATTGTGTTTGGTCA-1,4
CTATTTGCTTGGAGGA-1,2
CTATTTGGTTACGGAT-1,1
CTCAAACCACTGCCCG-1,2
CTCAACTAACCCGGAT-1,3
CTCAAGACATTAGCGC-1,4
CTCACACGCAAGCCTA-1,4
CTCACATTTACTAAAT-1,11
CTCACCGATCCAAACT-1,4
CTCACTGTGATACTTA-1,10
CTCACTTGGCTGGTAA-1,5
CTCAGAGCTAATGTCG-1,2
CTCAGGACTCACCTGT-1,6
CTCAGTCACGACAAAT-1,4
CTCATAAATGTGTATA-1,3
CTCATGGCTCACAATC-1,9
CTCATGGTAATTTGCG-1,7
CTCATTGCTCTAACAA-1,3
CTCATTTGATGGGCGG-1,10
CTCCCAATGAGTCGCG-1,1
CTCCCTCCTTTCGATC-1,7
CTCCGCCCACATGAGG-1,5
CTCCGGCCTAATATGC-1,6
CTCCGGCTTGTAGACA-1,1
CTCCTAAGTTATGTCT-1,6
CTCCTCCAGCTCACAC-1,2
CTCCTGTTCAAGGCAG-1,1
CTCCTTTACGCAAGTC-1,4
CTCGAATGGAACGTAT-1,4
CTCGAGATCCAAAGCA-1,9
CTCGAGGTCGAACAGT-1,12
CTCGATATTTGCGAGC-1,4
CTCGCACCTATATAGT-1,1
CTCGCATTGCATAGCC-1,2
CTCGCCGAATGTAGGG-1,11
CTCGCTAGGTAAGCGA-1,3
CTCGGGATAACACCTA-1,10
CTCGGGCATCGTCGGG-1,8
CTCGGGTTCTCTGGCC-1,2
CTCGGTACCACTGCTC-1,2
CTCGGTCCGTAGCCTG-1,11
CTCGGTTGTCGGCCCT-1,2
CTCGTCGAGGGCTCAT-1,2
CTCGTCTGTGCCTTCG-1,3
CTCGTTACGGCTACCA-1,2
CTCGTTTCTAATGTTT-1,4
CTCTAATGCATTGATC-1,4
CTCTACACTGGCGATT-1,7
CTCTACATCCTGCGTG-1,2
CTCTAGCCCTCGGAAA-1,3
CTCTATTTGGCTGCAG-1,7
CTCTCACAATCGATGA-1,11
CTCTCGATGTGCGCCT-1,10
CTCTCTAACTGCCTAG-1,2
CTCTGCAGGCATTCTT-1,2
CTCTGCGAAGCAAGCA-1,6
CTCTGGACGCCTGGTG-1,12
CTCTGTGCCTGCTATG-1,10
CTCTGTTTGAGGATTC-1,10
CTCTTCTATTGACTGG-1,8
CTCTTCTGGAAGTTAG-1,2
CTCTTGTCCCGCTTGG-1,1
CTGAAACGGCCCTCAG-1,1
CTGAAAGAGATCCGAC-1,10
CTGAATCCGAGACCTC-1,9
CTGAATTTATTGCCAG-1,4
CTGACATAGAAATAGA-1,1
CTGACTGCGCAGCTCG-1,7
CTGAGAAAGTTCGGCG-1,1
CTGAGCAAGTAACAAG-1,6
CTGCAAATGGGCTCCA-1,10
CTGCAAGCACGTTCCG-1,7
CTGCACAACTACATAT-1,7
CTGCACCTAGTCCACA-1,1
CTGCACCTGGAACCGC-1,6
CTGCACTCCAGTACAG-1,11
CTGCAGAGAATCAGAG-1,3
CTGCCAAGGTTGGAAG-1,7
CTGCCATGCATCACAT-1,9
CTGCCTAGCCACCAAG-1,8
CTGCCTCATATGCAAC-1,8
CTGCCTTTAATACCTT-1,2
CTGCCTTTCTAGTAAA-1,3
CTGCGACCTCGCCGAA-1,3
CTGCGATTTCGAGATT-1,2
CTGCGGGTGAAATGTT-1,5
CTGCGGTAGTCACGTG-1,1
CTGCGTTACGATATAA-1,4
CTGCTCTGACGGCAAA-1,2
CTGCTGAGGCCACGAA-1,9
CTGCTGTCTAACGAGC-1,1
CTGCTTGGCGATAGCT-1,11
CTGCTTTATGTCCGCG-1,4
CTGGAAATGGATGCTT-1,12
CTGGAAGACACGGTGG-1,1
CTGGACGCAGTCCGGC-1,1
CTGGCATCCGAATGAG-1,7
CTGGCGACATAAGTCC-1,1
CTGGCGATTTACATGT-1,3
CTGGCGCACAGGTCTG-1,2
CTGGCGGGAATAAGTA-1,6
CTGGCTCCTGCGGGAT-1,6
CTGGCTGATTCATCCT-1,8
CTGGCTGCTAACGTAA-1,6
CTGGGATAAATAATGG-1,7
CTGGGATACGCTACCC-1,8
CTGGGATCGCCCAGAT-1,10
CTGGGCCTGCTATATC-1,5
CTGGGCTACTGGAGAG-1,3
CTGGGCTATCCTTTGG-1,4
CTGGGTTGAGTTAAAG-1,1
CTGGTAAAGACTTACA-1,3
CTGGTAAAGTGTGGGC-1,8
CTGGTAACACATAGAA-1,2
CTGGTAACGAGCTCTT-1,4
CTGGTCATTCCAATCC-1,7
CTGGTCCTAACTTGGC-1,8
CTGGTGAATGGGCCTA-1,2
CTGGTTCAACGCATCA-1,6
CTGGTTTCGAGCAAGA-1,2
CTGTACTTCTTAGCAT-1,5
CTGTAGTGAGGATCGA-1,2
CTGTATGGTGTAGAAA-1,1
CTGTCAAATGGCTCGG-1,1
CTGTCACGCCAGGCGC-1,4
CTGTGCAGGGTAGGTC-1,5
CTGTGGTCGGGAGATA-1,3
CTGTTACCCAATCTAG-1,10
CTGTTCACTGCCTGTG-1,6
CTGTTCATCTCACGGG-1,1
CTGTTGTTCAGTCGTA-1,2
CTTAACTTACAGTATA-1,3
CTTAACTTCGAAGTAC-1,10
CTTACACGGTATTCCA-1,9
CTTACACTGGGAAATA-1,6
CTTACATAGATTTCTT-1,3
CTTAGATGTTTCATCC-1,2
CTTAGCCTTCCACATG-1,7
CTTAGGTATAGACCAG-1,2
CTTAGTAGGCCTACAG-1,1
CTTAGTGTAGTAGCAT-1,9
CTTAGTTGAGGAATCG-1,2
CTTATGCGCTCAGGGC-1,1
CTTATGTTGACTACCA-1,6
CTTCAACTCCACTTGG-1,9
CTTCACGCCCTGGTAC-1,2
CTTCAGTGGTCGCCTA-1,1
CTTCAGTTGGACAACG-1,3
CTTCATAGCTCAAGAA-1,6
CTTCATTGTCAGTGGA-1,10
CTTCGATTGCGCAAGC-1,3
CTTCGGCCAATTGTTT-1,1
CTTCGTAGATAGGTGA-1,5
CTTCTATGTTGAAGTA-1,9
CTTCTGGGCGTACCTA-1,2
CTTCTTACGTCGTATA-1,6
CTTGACCCGAAAGATA-1,6
CTTGAGGTTATCCCGA-1,6
CTTGAGTTAGGGTAAT-1,1
CTTGATGACCATCCAG-1,3
CTTGCAACCGCCTCCT-1,9
CTTGCCCACCCACGCA-1,3
CTTGCCCAGGCTCTAC-1,5
CTTGGCCAAGCTGGGA-1,11
CTTGTACTTGTTGACT-1,6
CTTGTCAACATTCGAG-1,7
CTTGTGAGTCTTTGAC-1,10
CTTGTGCTCACCGATT-1,4
CTTGTTGCTGAGTCAA-1,1
CTTGTTTATGTAGCCA-1,9
CTTTAACTTTCAAAGG-1,10
CTTTAATATTGGTCGA-1,1
CTTTACCGAATAGTAG-1,1
CTTTAGGAACACTGTT-1,2
CTTTAGTGCTATTATT-1,7
CTTTCTGTGCGGGCTT-1,9
CTTTGCATCGCTCTTG-1,3
CTTTGGCAGACAGAGT-1,10
CTTTGGCGCTTTATAC-1,7
CTTTGGCTTTAGTAAA-1,9
CTTTGGGATTGTTGCA-1,2
GAAACAGATGACCACC-1,1
GAAACAGCCATGCAGT-1,6
GAAACATAGGAAACAG-1,2
GAAACCATGGTGCGCT-1,4
GAAACCGAATTACCTT-1,5
GAAACCTATACAAATG-1,1
GAAACTCGTGCGATGC-1,1
GAAACTCTAATGAAGG-1,9
GAAAGAACAGCGTTAT-1,8
GAAAGCCCTTTGGACC-1,5
GAAAGTGACTAACTGC-1,1
GAAATACCTGCTGGCT-1,8
GAAATACTAAACGTTT-1,6
GAAATATCACCATCAG-1,5
GAAATATGCTTGAATG-1,1
GAAATCGCGCGCAACT-1,1
GAAATGGCGGTGTTAG-1,12
GAAATGGGATGTAAAC-1,1
GAAATTAGCACGGATA-1,4
GAAATTCACATCGCTG-1,6
GAAATTGTCTCTATAA-1,5
GAACAACTGGGATGAA-1,3
GAACACACATCAACCA-1,9
GAACAGATTACTAAAT-1,11
GAACATTAGTATGTTA-1,4
GAACCATCTGGGAGAC-1,10
GAACCCTCTGTGTTCT-1,11
GAACCTTTAACGATCC-1,3
GAACGACCGAATGATA-1,6
GAACGATAAGTTAAAG-1,1
GAACGCGGGTCACACG-1,1
GAACGGTGTAAAGCAG-1,10
GAACGTCTCATGGTCG-1,1
GAACTGTGGAGAGACA-1,3
GAACTTAGCGCCCGGT-1,4
GAAGAAACGATATTGT-1,2
GAAGAACGGTGCAGGT-1,6
GAAGACTTCAATGCCG-1,10
GAAGCCACTGATTATG-1,3
GAAGCCTGCACATTCC-1,11
GAAGCGTGAGGAATTT-1,6
GAAGCTCGGACCCGTC-1,1
GAAGCTTGCTGACCGC-1,1
GAAGGAGTCGAGTGCG-1,1
GAAGGCTACCATTGTT-1,4
GAAGGGTCATTAAGAC-1,3
GAAGTCTCCCTAGCGA-1,2
GAAGTGATTTATCGTG-1,5
GAAGTGCTGGATAGCT-1,6
GAAGTTTCCACTCAAT-1,5
GAATAGACGCGACCCA-1,7
GAATAGCATTTAGGGT-1,1
GAATAGCCCTGCGGTC-1,4
GAATAGTGCTCGATTA-1,2
GAATATTCGGAGTCCC-1,1
GAATCGACATGGTCAC-1,12
GAATCGCCGGACACGG-1,6
GAATCTGAACATTCTC-1,5
GAATGAAGGTCTTCAG-1,4
GAATGCCGAAATGACC-1,6
GAATGCGAATCGGTTC-1,11
GAATGTATGGCAGGTC-1,4
GAATGTTGGGTAATCT-1,10
GAATTATAGTGAAAGG-1,12
GAATTCACCCGGGTGT-1,5
GAATTTCTCGCTGCAG-1,5
GACAAACATATGCAGG-1,8
GACAACGACCATTGAA-1,12
GACAACGCAGCTTACG-1,6
GACAAGAGATGAGATT-1,9
GACACAAGGGAAGAAA-1,12
GACACAGCCGGGACTG-1,3
GACACGAGTTAGAGGA-1,6
GACACTGAGTTCAGTG-1,5
GACACTGGAACCCGAT-1,1
GACACTTCCAATTACC-1,3
GACAGCCAGACCTGAC-1,2
GACAGGCACACACTAT-1,5
GACAGGTAATCCGTGT-1,3
GACATCCGTCGAACTG-1,3
GACATTTCGCCCAGCC-1,2
GACCAAACGTTGACTG-1,8
GACCACACTTCCCTTT-1,3
GACCAGAGCCCTGTAG-1,9
GACCAGGTCATTCATA-1,11
GACCCAATTATGATAC-1,1
GACCCGTCGCCGGCTA-1,10
GACCGACGTGAAAGCA-1,8
GACCGACTGAAGCGTC-1,5
GACCGATTAAATATGT-1,2
GACCGCGTCTGACGTG-1,1
GACCGTCAGGTCGTGA-1,9
GACCGTGCTGACGGTG-1,5
GACCTTCCACGTCTAC-1,3
GACGACGATCCGCGTT-1,1
GACGAGGCTAATAAAC-1,3
GACGATATCACTGGGT-1,2
GACGCCTGTTGCAGGG-1,6
GACGCTTGCTTCTAAA-1,5
GACGGACCGCGTTCCT-1,10
GACGGGCATCGAATTT-1,3
GACGGGTTGGCCCGTA-1,2
GACGGTCAATAGAAGC-1,4
GACGTGAGACTCCATG-1,6
GACGTGTAGGGATTAT-1,7
GACGTTCGTAAATACA-1,4
GACTAACACAGCACCT-1,1
GACTAAGATCATGCAC-1,9
GACTAAGTAGGCTCAC-1,12
GACTACAAAGCGGTGG-1,1
GACTACAATTGCTCGT-1,8
GACTAGGCCGTTAGGT-1,3
GACTCACCCACGTGAG-1,8
GACTCCCAGAATAAGG-1,4
GACTCCTTCCAATTGA-1,2
GACTCGCGGGAATGAC-1,4
GACTCGGTCGGCGGAT-1,4
GACTCTAGAGTTCCAA-1,2
GACTGATTGGTCACAA-1,4
GACTGCAAATCGAGCT-1,11
GACTGCGGCACGTGTA-1,7
GACTGCTGGTGAGAAA-1,2
GACTGGGCGCCGCAAC-1,4
GACTTCAACGCATCAA-1,3
GAGAACGGTTCTGACT-1,3
GAGACCCTGCAACGCC-1,4
GAGACTGATGGGTAGA-1,12
GAGAGGCCTATGTGTA-1,3
GAGAGGGCGCGAGGTT-1,5
GAGAGGTGCATTCTGG-1,9
GAGAGTCTCGGGAGAG-1,2
GAGATCTGCTTGGCAT-1,5
GAGATCTGTCACTCCG-1,9
GAGATGACAATCCTTA-1,1
GAGATGGCTTTAATCA-1,3
GAGATGGGAGTCGACA-1,1
GAGCACCTGTGTCCAG-1,11
GAGCATCAACAACTTG-1,2
GAGCATCATCCCTGGG-1,6
GAGCCACGGTAGTAGG-1,6
GAGCCAGCTACCTGTG-1,3
GAGCCGAGCGTTTATT-1,4
GAGCGAGGGAGTACCG-1,6
GAGCGCAAATACTCCG-1,1
GAGCGCGCACGAGTAG-1,1
GAGCGCTGTTAGGTAA-1,2
GAGCGGAATGCGGTGT-1,2
GAGCTAAGGGCATATC-1,1
GAGCTCAACATGAGCG-1,1
GAGCTCTCGGACCTAA-1,6
GAGCTGTCGTCTCGGA-1,4
GAGGAATATCTCTTTG-1,2
GAGGAATGGAGAGGTT-1,1
GAGGAGTAATTCCTAC-1,10
GAGGATAAACAGTGCT-1,8
GAGGCATTTGCAGCAG-1,4
GAGGCCCGACTCCGCA-1,2
GAGGCCTGTTGATACA-1,3
GAGGCTATCAAAGTCG-1,5
GAGGGAGTCAGATCGC-1,2
GAGGGCATCGCGTATC-1,6
GAGGGCCATAATATTA-1,4
GAGGGCGCAGCTCTGC-1,4
GAGGGTAGTAACAAAG-1,2
GAGGTACATCCATCTT-1,1
GAGGTACGCGTGTCCC-1,3
GAGGTCCCAAAGATCT-1,6
GAGTAAACCGGAAAGT-1,1
GAGTAAGGCCACGGGA-1,1
GAGTACGGGTATACAA-1,6
GAGTAGATACTAGTTG-1,11
GAGTATGCCCGCCTTG-1,9
GAGTATGCGCGTGCAT-1,11
GAGTCCGCTTACCGGA-1,1
GAGTGTCAACCAGAAA-1,3
GAGTGTGCGGTACCCA-1,2
GAGTTGATGGCAATTT-1,1
GAGTTGTCACCAGTCT-1,2
GATAAATCGGTGGATG-1,6
GATAACTCGCACTGTG-1,2
GATAAGGCAGATGCAA-1,6
GATACGATGGGAGTCA-1,5
GATAGAACCCGCTAGG-1,2
GATAGATAGTACAGTC-1,3
GATAGGTAACGTTGAC-1,7
GATAGTGCGAGTAAGT-1,2
GATATCTCATGCAATA-1,6
GATATGAGACACTAAC-1,7
GATATGCGGTAGCCAA-1,4
GATATGGATTACGCGG-1,7
GATATTGAGATTGGCG-1,9
GATATTTCCTACATGG-1,4
GATCAACATAAAGGGA-1,2
GATCATTCCAAACATT-1,12
GATCCCTTTATACTGC-1,1
GATCCGGGAATTAACA-1,5
GATCCTAAATCGGGAC-1,4
GATCCTCGACACTGGC-1,7
GATCCTCTTGCGCTTA-1,8
GATCGACACTATCTGA-1,12
GATCGCGGGCTCTCCA-1,5
GATCGCTACCCGATTT-1,1
GATCGCTATATCTCAG-1,2
GATCGCTGTGGTGCGT-1,2
GATCGGATAGAACCAT-1,7
GATCGGCGATAAGTCG-1,1
GATCGGTGGCCATAAC-1,12
GATCGTGACTGATATC-1,9
GATCTCGACGCTGTGG-1,1
GATCTGCTATCTAAGG-1,11
GATCTTGGAGGGCATA-1,7
GATCTTTGCAGGGTAT-1,5
GATCTTTGCTCAAAGA-1,4
GATGACAAGTAGGGCA-1,2
GATGACGATGATCGCG-1,1
GATGAGGAACCTTCGG-1,3
GATGCCAGCAGAAGGC-1,1
GATGCCTTCTGCGGCA-1,2
GATGCGTCCTGCATTC-1,5
GATGCTACAAGCGCCT-1,8
GATGCTACCTTCGATG-1,2
GATGCTGTATTTCATC-1,2
GATGGCGCACACATTA-1,1
GATGGTGAAATAACCC-1,4
GATGGTGCCCTAGGCA-1,8
GATGTAACGAACCACC-1,7
GATGTCCGGATCACAT-1,6
GATGTCGGTCAACTGC-1,8
GATGTGTTGTCACAAG-1,8
GATGTTCAATCCACGA-1,5
GATGTTTGTGCGAGAT-1,1
GATTAACCGAAAGCCC-1,3
GATTAATCCTGGCTCA-1,10
GATTACTGAATTTGGG-1,5
GATTCCCTTGTCGCAG-1,6
GATTCCGCGTTTCCGT-1,1
GATTCCTATACGGCGC-1,7
GATTCGACGGTTCACG-1,9
GATTCTGTTAATGAGT-1,2
GATTGACACTCTGCTC-1,10
GATTGCTCCAGTTGCA-1,2
GATTGGGAAAGGTTGT-1,3
GCAAACCCTACATTAT-1,2
GCAAACCTTGGCCATA-1,11
GCAAACGTCGCCAGGT-1,1
GCAAAGGGCGTTAGCC-1,2
GCAAATATTACGCTTT-1,5
GCAACACACTAGAACT-1,1
GCAACAGCAGTATGCG-1,1
GCAACCACCAGACCGG-1,4
GCAACCACGGCCGCGT-1,5
GCAACGGCTAGTTATG-1,8
GCAAGAATTCCTTGGC-1,5
GCAAGATGTGTTCGCG-1,4
GCAAGTGCACAGAGAA-1,9
GCAAGTGTAAAGCATG-1,2
GCAATTAGTCGCACCG-1,9
GCACAAACCCTAGATG-1,2
GCACAAACGAGGCGTG-1,1
GCACAACCTCGGGCGT-1,2
GCACAAGTGTCGGAAG-1,9
GCACACACTGGTAGCC-1,3
GCACACAGCTATTACC-1,7
GCACAGCACGGGCCGA-1,2
GCACCTAGGCGAGTCC-1,3
GCACGCCGATTCCCGC-1,3
GCACGTGGTTTACTTA-1,3
GCACTAGTCGCGCTAT-1,6
GCACTGCCTACCTTTA-1,3
GCACTGTGCAAATGTA-1,6
GCAGAAACGTAATCCA-1,4
GCAGACCCAGCACGTA-1,8
GCAGATCCATAAGACT-1,3
GCAGATTAGGGATATC-1,9
GCAGCACACAGCCCAG-1,5
GCAGCCTATATCACAT-1,8
GCAGCGGTGGGCATTA-1,6
GCAGCTATGGACAGGT-1,4
GCAGCTGTCAACGCAT-1,3
GCAGGAACTTAGATCT-1,1
GCAGGACTATAGAATA-1,5
GCAGGTAGAGTATGGT-1,4
GCAGTGTGGCTATAGG-1,11
GCAGTTCGATCCGAGC-1,1
GCATACGAGGTCTTTA-1,7
GCATAGAGCACTCAGG-1,9
GCATCCCTAACTTTGA-1,6
GCATCGGCCGTGTAGG-1,4
GCATGAGGGACGCGGC-1,4
GCATGCTAATAACGAT-1,3
GCATTCAAGGCAACGC-1,4
GCATTCGAAATGAACA-1,7
GCATTGTAATTCATAT-1,7
GCATTTCCAAGGCTCC-1,12
GCCAACCATTTCCGGA-1,4
GCCAAGAATACTTCTG-1,1
GCCAATAGGGCATCTC-1,4
GCCACAATTTAAGGAC-1,5
GCCACTCAGAGCGCGA-1,3
GCCACTCCTTACGGTA-1,1
GCCAGGAAAGAACACT-1,2
GCCAGGAGTAACCGAT-1,1
GCCAGGCGTTCGCATG-1,7
GCCATATTGCACACAG-1,4
GCCATCGATGCTGCAT-1,12
GCCATTAGCCTCAAAC-1,1
GCCCACCAAGGCTGTC-1,6
GCCCAGATGCTGGAGA-1,8
GCCCAGTTGGTATGCC-1,1
GCCCGACTTCTTCCCG-1,7
GCCCGAGAGTCTAAAT-1,2
GCCCGATCTGTGGTCG-1,9
GCCCGCGCGTAAACGG-1,9
GCCCGCGCGTTTGACA-1,6
GCCCGTAATACCTTCT-1,9
GCCCTAGCCGTCGCGA-1,1
GCCCTGAGGATGGGCT-1,3
GCCGAAATTCCTACGT-1,5
GCCGACCCACGACTGC-1,2
GCCGATTGGCCAAGCT-1,5
GCCGCTTGTGAGAAAC-1,5
GCCGGAAACACATCTT-1,10
GCCGGGTTAGGGTCGC-1,5
GCCGGTCGTATCTCTC-1,2
GCCGTCGGTTTCGGGC-1,2
GCCGTGGAAGAAATGT-1,8
GCCTACGTTCTGTGCA-1,3
GCCTAGCGATCTGACC-1,12
GCCTATAGTGTCAGGG-1,4
GCCTATGCTGGGCCTT-1,1
GCCTATTCCGATATAG-1,1
GCCTATTTGCTACACA-1,10
GCCTCATCTGGAAATA-1,7
GCCTCCGACAATTCAC-1,3
GCCTCTATACATAGCA-1,11
GCCTGCTACACTGAGA-1,4
GCCTGTCCCGGTGCAT-1,2
GCCTTCAGCCCTACCG-1,8
GCCTTGTATATGCAGT-1,6
GCCTTTGTCAGTGGAC-1,2
GCGAAACGATCGGGAG-1,3
GCGAAGAATCTGACGG-1,3
GCGAAGCCATACCCGT-1,12
GCGAATGGACTAGCGA-1,2
GCGACATGTAAACATC-1,8
GCGACCCAACCATCTG-1,2
GCGACGATAGTTGTAC-1,10
GCGACGGTAGTCTCCT-1,2
GCGAGAAACGGGAGTT-1,6
GCGAGAGGCCATGTAA-1,4
GCGAGAGTTGCGTCCA-1,12
GCGAGCGCATGCTCCC-1,8
GCGAGGCCCGAGCAGA-1,5
GCGAGTTCTGCAAAGA-1,12
GCGATTCTGGAAGCAG-1,8
GCGATTGTTAACGTTA-1,9
GCGCAAATATATTCAA-1,2
GCGCAAGAGCGCGCTG-1,8
GCGCATCCAGTCAGCA-1,4
GCGCCGTTCCACGATA-1,5
GCGCCTCCCACTCCGA-1,11
GCGCGGTCTAGTAACT-1,2
GCGCGTCATTGGTACA-1,9
GCGCTAATTGAATAGA-1,12
GCGCTATGCCGAGGCA-1,5
GCGCTGATCCAGACTC-1,1
GCGCTGCTTTGCATTT-1,4
GCGCTTAAATAATTGG-1,3
GCGGAGAAACTTCGCA-1,2
GCGGATTACTTGTTCT-1,3
GCGGCAAAGTATTGCC-1,2
GCGGCTCTGACGTACC-1,5
GCGGCTTTAGCAAGTT-1,3
GCGGGAACCAGGCCCT-1,8
GCGGGCAGACGGGTGA-1,2
GCGGGCATTACGATGC-1,9
GCGGTAACCCAAATGA-1,6
GCGGTCCCGGTGAAGG-1,4
GCGGTCCCTAGACGCA-1,6
GCGGTCTTGCTTTCAC-1,3
GCGGTGAACTGCGCTC-1,4
GCGGTTCCCTATCATG-1,5
GCGTAAATGGCCATAA-1,12
GCGTCCCTAAGACATA-1,2
GCGTCGAAATGTCGGT-1,10
GCGTCGCCAGGGTGAT-1,11
GCGTCGTAACATGGTC-1,7
GCGTCTCTGCATTGGG-1,9
GCGTGGTACTGGGTTA-1,7
GCGTGTATGTCGTATT-1,10
GCGTTCGGAGACCGGG-1,4
GCTAAACCTGAGGTGA-1,1
GCTAACTGAAGTCTGA-1,3
GCTAAGCCCAGTATGC-1,3
GCTAAGTAAAGGCGAT-1,7
GCTAAGTAGTTTCTCT-1,12
GCTAATACCGAATGCC-1,9
GCTACAATCGAGGATA-1,3
GCTACAGTACGGACCG-1,7
GCTACGACTTATTGGG-1,7
GCTACTATAGTAGAGT-1,7
GCTAGACCGTCTACTG-1,8
GCTAGAGTAGAGATGT-1,3
GCTAGCAGGGAGTGGG-1,4
GCTAGCGATAGGTCTT-1,2
GCTAGGCACCACGGAG-1,3
GCTAGTAGAGCTTGTA-1,5
GCTAGTTTCATTGAGG-1,6
GCTATAAGGGCCAGGA-1,3
GCTATACGTCTCGGAC-1,3
GCTATCATACTCATGG-1,9
GCTATCGCGGCGCAAC-1,6
GCTCAATGTAATACCG-1,11
GCTCATTACTGCATGT-1,4
GCTCCATGCAAAGCAA-1,2
GCTCCCAGTCGGTCCA-1,8
GCTCCGCTCGCTTCAG-1,8
GCTCCTGACATACTGG-1,2
GCTCGCTCATGTCCAA-1,8
GCTCGGAATTTAAAGC-1,1
GCTCTAAACCCTGACG-1,10
GCTCTATGTTACGTGC-1,12
GCTCTCGGGTACCGAA-1,12
GCTCTTTCCGCTAGTG-1,1
GCTGAACTCTCCAGGG-1,7
GCTGAATCTTCCAATC-1,2
GCTGAGGCGTGAGTAT-1,5
GCTGCACGGTTTCTTA-1,1
GCTGCTAAGTAGTCGA-1,1
GCTGCTACTGCGTAGC-1,1
GCTGCTCTCCGGACAC-1,12
GCTGGACCCAAAGTGG-1,1
GCTGGCATATTCACCT-1,5
GCTGGCGGCGCATGCT-1,11
GCTGGTGACTCGTAGT-1,4
GCTGGTTTAGGCCATA-1,2
GCTGTATTACTGGCCC-1,5
GCTGTTGCTACCGAAC-1,7
GCTTAATGTAACTAAC-1,2
GCTTACGTAGTTAGTA-1,8
GCTTATGAAGCAGGAA-1,7
GCTTCAGTGGGATTAC-1,4
GCTTCCAGCTTAGATT-1,6
GCTTCCATGTAACCGC-1,3
GCTTCCCGTAAGCTCC-1,2
GCTTCCGTCCCTAGAC-1,9
GCTTCGACGTTCAATC-1,2
GCTTGAGTGACCTCTG-1,3
GCTTGATGATAATCAG-1,1
GCTTGCAGCACAATTG-1,4
GCTTGGATCGATTAGG-1,4
GCTTTACACAACTGGG-1,3
GCTTTCAGAGGAGGTG-1,4
GCTTTCTATCTCAACT-1,4
GGAAACCTTGTTGAAT-1,4
GGAAACTAAATGGGCC-1,3
GGAAAGGGAATTGAGC-1,3
GGAAAGTGCCCATGCC-1,4
GGAACCGTGTAAATTG-1,1
GGAACCTTGACTCTGC-1,2
GGAACGGCCTGCAGCC-1,7
GGAACTTTGGCGATTA-1,7
GGAAGCTCGCTTACAG-1,9
GGAAGGACACCGTATA-1,3
GGAATAACCTCAAGAA-1,10
GGAATGCGCTAGCGTG-1,12
GGACAACCATGAAGCC-1,3
GGACACAAGTTTACAC-1,11
GGACACCTCGGTGTTG-1,2
GGACCAACAGGATAAC-1,7
GGACCTACGGTAACGT-1,4
GGACCTCTAGGCCGCC-1,2
GGACGGCTTGCGCAAC-1,4
GGACGGGCGACCAACC-1,3
GGACGTCCATAGTTGG-1,4
GGACTCGACAGCGCAT-1,2
GGACTCGTGAGTGGTC-1,2
GGACTCTTTGACTAAG-1,3
GGAGAAGTCATTGGCA-1,1
GGAGACCAATGTGCTT-1,4
GGAGACGACACCTTTG-1,7
GGAGCAACATTTCAAG-1,7
GGAGCACCAAGAACTA-1,7
GGAGCGAGGCCTACTT-1,3
GGAGGATTGAAAGGAG-1,8
GGAGGCCGAAGTCGTC-1,8
GGAGGGCTTGGTTGGC-1,9
GGAGGGTCAAGTAAGA-1,9
GGAGTGCCGCCCTGGA-1,6
GGAGTTGATTCTGTGT-1,3
GGATACTCATGAATTG-1,6
GGATCAAAGGACGAGG-1,10
GGATCATCCCGTACGC-1,4
GGATCCCTACCAGCTA-1,9
GGATCCGGAATATACT-1,5
GGATCTTACTGCCCTT-1,2
GGATCTTGACTCAACC-1,1
GGATGAAGATCGCTGA-1,7
GGATGACGCGAGTTTA-1,5
GGATGCTGGCGTTCCT-1,1
GGATGGCTTGAAGTAT-1,3
GGATGTCCTTACCGCA-1,7
GGATTAAGCTAAGGTC-1,10
GGATTAATCATGGACC-1,3
GGATTCAGTACGGTGG-1,1
GGATTCCGCTATACCC-1,1
GGATTGCTGTGACTCC-1,11
GGATTTCACTTCTATA-1,1
GGCAAAGGCGCCAATA-1,2
GGCAAATTACTTTACT-1,5
GGCAAGCCAGGGATAG-1,4
GGCAAGCCCATAGTGG-1,1
GGCAAGGCGAAATAGC-1,7
GGCAATAGTCAATGAG-1,12
GGCACGCTGCTACAGT-1,3
GGCACTCCACTGGGCA-1,5
GGCACTGCGGTGGTTT-1,3
GGCAGCAAACCTATGC-1,1
GGCAGCGGTAATCCTA-1,4
GGCATACAGGTAGCGG-1,5
GGCATATCGGTTCTGC-1,1
GGCATCAACGAGCACG-1,10
GGCATTGAACATCTCA-1,2
GGCCAATTGTATAGAC-1,3
GGCCACAAGCGATGGC-1,10
GGCCCAATCTAGAGGG-1,4
GGCCCAGCTGGTTTGC-1,3
GGCCCAGTTATCAGCA-1,4
GGCCCGGAGCATGTCT-1,8
GGCCCGTATACCATGC-1,1
GGCCCTCACCCACTTA-1,5
GGCCGAGACTCTGGTG-1,2
GGCCGCAGGAACCGCA-1,3
GGCCGGCGTCTGCTAT-1,3
GGCCGTTTGGGTTTCA-1,2
GGCCTGCTCTGATGTT-1,2
GGCCTGCTTCTCCCGA-1,8
GGCGAAATCTAACTTG-1,2
GGCGCAGGACATCTTC-1,5
GGCGCATGAATTGATG-1,5
GGCGCGGAGATCTTTC-1,3
GGCGCGTTCGAGTTTA-1,9
GGCGCTCCTCATCAAT-1,1
GGCGCTTCATTCCCTG-1,3
GGCGGAGTAATATTAG-1,5
GGCGGTAGGATCATTG-1,9
GGCGTACCCTATATAA-1,10
GGCGTAGGGAAAGCTG-1,3
GGCGTCCTATCCGCTG-1,5
GGCTAAAGGGCGGGTC-1,4
GGCTAATGATTGAAAT-1,4
GGCTACTATACACTCC-1,2
GGCTATTAAGTTGTAT-1,9
GGCTCCTCCACCTGTT-1,2
GGCTCGCGTTGAGGTA-1,4
GGCTCGTGCCACCAGC-1,9
GGCTCTGCTCCAACGC-1,9
GGCTGAAATAGCAAAG-1,7
GGCTGAGCATCGTAAG-1,4
GGCTGGCTAGCTTAAA-1,6
GGCTTTCAATAAGGGT-1,11
GGGAAAGAATGCCAAC-1,3
GGGAACGGGAGGTTAG-1,5
GGGAACGGTTTCAGAT-1,2
GGGAAGACGGTCTGTC-1,3
GGGAAGGGCTTTCTCA-1,3
GGGAATGAGCCCTCAC-1,4
GGGACAGAGTTACTCC-1,2
GGGACTGCATAGATAG-1,12
GGGAGAACTCACAGTA-1,12
GGGAGCGACCGTAGTG-1,3
GGGAGGATGCCCGAAA-1,5
GGGAGTAATGGCTGGC-1,6
GGGAGTTAATGAGGCG-1,12
GGGATCCCAATACAAA-1,4
GGGATGGTCGTAACCG-1,5
GGGATTTACCGCACCT-1,1
GGGCAACCGCACGTGC-1,2
GGGCACGTAGTACTGT-1,2
GGGCAGAGCAATCGTT-1,11
GGGCAGTCAACGCCAA-1,3
GGGCATGCATGTCGAG-1,2
GGGCCATTCGTGCTGG-1,2
GGGCCCGTCTTAAACA-1,5
GGGCCCTACGAAAGGG-1,1
GGGCCGGCCGAAGTAC-1,1
GGGCCTATTTAAGTAT-1,4
GGGCGATATGTGTGAA-1,9
GGGCGCAGCGTTACTC-1,8
GGGCGGGTTCCCTACG-1,5
GGGCGGTCCTATTGTC-1,6
GGGCGTACATTTATAT-1,10
GGGCGTCACCACGTAA-1,9
GGGCGTCCACTGGCTC-1,1
GGGCGTGGTTTCCCAG-1,11
GGGCGTTTACATTCAT-1,2
GGGCTCATCGAACCCA-1,4
GGGCTGCCTAGGGCGA-1,9
GGGCTGGTTAGTCGCG-1,9
GGGTAATGCTGTGTTT-1,6
GGGTACCCACGGTCCT-1,6
GGGTACTTCATGAACT-1,5
GGGTATGTATGCACTT-1,5
GGGTATTCTAGCAAAC-1,1
GGGTCACCGTGACGGT-1,9
GGGTCAGGAGCTAGAT-1,1
GGGTCATGCGTACCAT-1,7
GGGTCCTTGGAAGAAG-1,2
GGGTCGTGGCAAGTGT-1,4
GGGTCTATCGCTTTCC-1,1
GGGTGACACCTTAACT-1,5
GGGTGCATATGAAAGC-1,1
GGGTGGTCCAGCCTGT-1,8
GGGTGTTTCAGCTATG-1,10
GGGTTCAGACGAACAA-1,6
GGGTTTAGGATAGGAT-1,8
GGTAAACTCTGCGCTG-1,3
GGTAAATGTGCGTTAC-1,9
GGTAACCGGGAGGATA-1,2
GGTAACTATGTATCTG-1,6
GGTACAAACATGCTAT-1,5
GGTACACCAGATTTAT-1,4
GGTACATCTGGGACGA-1,1
GGTACCATTAAGACGG-1,4
GGTACGTTGCGGCCGG-1,3
GGTAGAAGACCGCCTG-1,9
GGTAGGCCAATATCAC-1,2
GGTAGTGCTCGCACCA-1,12
GGTATAGTGACACATA-1,12
GGTATTGCCGAGTTTA-1,11
GGTCAAGACTACTTCG-1,1
GGTCACGTTAGATTCA-1,10
GGTCAGTGGGTCCCAC-1,7
GGTCATTGTAGTCATA-1,4
GGTCGGATAAACGGCG-1,4
GGTCGGCCAGGAGCTT-1,1
GGTCGGTAATTAGACA-1,6
GGTCGTAAGCTCGCAC-1,7
GGTCTCCGTCCAGGTT-1,3
GGTCTCTGAATGGACT-1,7
GGTCTGAGAATCTGGA-1,9
GGTCTTGAGCGCTCTT-1,11
GGTGAAACCGGGAATG-1,6
GGTGAACGGGCTAGCC-1,6
GGTGAAGTACAGGGAT-1,5
GGTGAGATGCAGATAA-1,6
GGTGATAAGGAGCAGT-1,1
GGTGATTTCATCTTGT-1,6
GGTGCAGAGCCTATCG-1,1
GGTGCATAAATGATTA-1,2
GGTGCGGATAAGTGGC-1,6
GGTGCTGATCACAAAG-1,1
GGTGCTGGTACACATT-1,5
GGTGGACCACGTGTTA-1,4
GGTGGACTGCTCTGGC-1,3
GGTGTAAATCGATTGT-1,3
GGTGTAGGTAAGTAAA-1,2
GGTGTTCTGTTTCTAC-1,7
GGTTACCACCCTCGGG-1,5
GGTTACCCGACACTTT-1,8
GGTTAGCTATATGTCT-1,7
GGTTAGGCTTGGAGAA-1,1
GGTTAGTTACGGCGCC-1,7
GGTTCCCTAGTGTCTC-1,4
GGTTCGATGCTGAGTT-1,8
GGTTCGCATTTGCCGT-1,3
GGTTCTACTCGTCTGA-1,8
GGTTGTATCGTGAAAT-1,10
GGTTTAATTACCATCG-1,2
GGTTTAATTGAGCAGG-1,4
GGTTTACAATCTCAAT-1,7
GGTTTAGCCTTTCTTG-1,8
GGTTTCAATCGGTCAG-1,4
GGTTTGACAAGAAGCT-1,4
GGTTTGAGTGCTGGAA-1,6
GGTTTGCGAACACGTA-1,4
GGTTTGTGACCTGAGG-1,3
GTAACAACTGACCTTG-1,4
GTAACATCTAAGATAA-1,5
GTAACTGCCCAAGGAG-1,2
GTAACTTGCGGCAGTC-1,6
GTAAGCGGGCAGTCAG-1,10
GTAAGGATTTGTCGGA-1,10
GTAAGTAACAGTCTGG-1,2
GTAAGTAGGGTATACC-1,1
GTAAGTCCACACTCTA-1,1
GTAATAAAGGGCTCCC-1,7
GTACACTTACCTGAAG-1,5
GTACAGAGGCAAGGGT-1,7
GTACGACGGCGCTGCG-1,6
GTACGAGATTGCGACA-1,9
GTACGTCACGTATTAA-1,4
GTACGTTTGCCCGTCA-1,7
GTACTAAGATTTGGAG-1,9
GTACTCCCTTATCGCT-1,5
GTACTCCTGGGTATGC-1,4
GTACTGAGGTCGTAAC-1,6
GTACTGCATGAAGCGT-1,6
GTACTGGAGTTAGACC-1,9
GTACTTGGGCACTTCT-1,6
GTAGAAACGGGTGGAG-1,7
GTAGACAACCGATGAA-1,10
GTAGACACGCCTGACT-1,8
GTAGACGTCGTTACAT-1,6
GTAGAGGGAGACAAGT-1,1
GTAGCCAAACATGGGA-1,1
GTAGCGCTGTTGTAGT-1,10
GTAGCGGCTATACACT-1,5
GTAGCTAGTAAGCGCG-1,8
GTAGCTCCGGGAGGCT-1,2
GTAGCTTCCTCTTGTT-1,4
GTAGGTGATCCGTGTA-1,7
GTAGTCGCGGGAATCA-1,1
GTAGTCTACGATATTG-1,3
GTAGTGAGCAACCTCA-1,3
GTAGTTCGAAGGCGAA-1,2
GTATAATCTCCCGGAT-1,6
GTATAGGACTCAGTAG-1,10
GTATAGTGGCCCATGT-1,10
GTATATGTTACGGCGG-1,6
GTATCAAACGTTAGCT-1,3
GTATCAAGGTACTTCC-1,3
GTATCAGCTTGGGTTC-1,1
GTATCCTTTGGTAACC-1,3
GTATCGGGACGAGCTG-1,6
GTATCTCAGTCTTGAC-1,2
GTATCTCCCTAACTGT-1,10
GTATCTCGGGCGCTTT-1,2
GTATCTTGTTGCTCAC-1,10
GTATCTTTCATAACCA-1,7
GTATGAAATTTCACTC-1,7
GTATGACGTGGGAAAC-1,6
GTATGTGGGTCTAGTT-1,1
GTATTAAGGCGTCTAA-1,6
GTATTAGGGTTCGCGT-1,4
GTATTCTGAGAAACGA-1,5
GTATTCTTACCGTGCT-1,6
GTATTTAATGGCATAA-1,4
GTCAAAGAAGTGGTGT-1,2
GTCAAAGTTTACATAG-1,6
GTCAACCAGGCCTATA-1,3
GTCAAGCGGACTCGGG-1,9
GTCAATGCTATAATTT-1,4
GTCAATTGTACTGAAG-1,10
GTCACAAAGTTTCCAA-1,6
GTCACTCTCCAAATCT-1,9
GTCAGAATAGTCTATG-1,5
GTCAGTTGTGCTCGTT-1,8
GTCAGTTTGGTAGTCG-1,7
GTCATCTCCTACAGCT-1,6
GTCATGCACCTCCGTT-1,12
GTCATGCGCGAGGGCT-1,3
GTCATGGACATGACTA-1,12
GTCATTAGAGCGAACG-1,5
GTCCAATATTTAGCCT-1,2
GTCCAGGCACGTGTGC-1,2
GTCCATTACTGCTACG-1,8
GTCCCAACGTAAAGTA-1,12
GTCCCGCGACGTTATG-1,11
GTCCGGACCTGAAATT-1,3
GTCCGGCTGAATTGCG-1,12
GTCCGGGTTCACATTA-1,3
GTCCTACAGGCGGCTC-1,6
GTCCTACGAATAGTCT-1,3
GTCCTTCTAGTGGGTT-1,9
GTCCTTTAATGACTTC-1,4
GTCGAATTTGGGCGCT-1,2
GTCGCGTAACCCGTTG-1,1
GTCGGAAGGATACCAG-1,4
GTCGGATATCTCAGAC-1,5
GTCGGATGTAGCGCGC-1,1
GTCGGGAAGCAGAAAC-1,11
GTCGGGTGAAGTACCG-1,3
GTCGTACCATCTCGGG-1,4
GTCGTATTGGCGTACA-1,4
GTCGTCAATTATAAGG-1,6
GTCGTCTGGTTGGCTA-1,1
GTCGTGTCTGGTCATC-1,4
GTCTAGTGAGCCGCTT-1,3
GTCTATCTGAGTTTCT-1,5
GTCTATTGCATGCTCG-1,3
GTCTATTGGTTCCGGT-1,1
GTCTCAAGGCCCGGCT-1,9
GTCTCCCGAGTCCCGT-1,3
GTCTCCGCCTCAATAC-1,2
GTCTCCTGCCAGTATG-1,2
GTCTCGACTAAGTTTG-1,4
GTCTCGATCTGCTTTC-1,1
GTCTCGCCAACACGCC-1,10
GTCTGCCGACTCGACG-1,3
GTCTGGGCGGTCGAGA-1,5
GTCTTACCACGCCAAG-1,3
GTCTTAGTACAGCCGG-1,9
GTCTTGAGGAGCAGTG-1,8
GTCTTGTAGCTATTCA-1,8
GTGAAACGGCGCCACC-1,1
GTGAAACGTGCTCCAC-1,6
GTGAACTCCCATTCGA-1,1
GTGAAGATTTCAAGTG-1,4
GTGAAGCCGTATAGTC-1,4
GTGACAGCTTCCCACT-1,3
GTGACCGCACACTACG-1,1
GTGACGAGGGTGACCC-1,12
GTGACGCAGGTTTCAT-1,3
GTGACTTCAGTAGTGC-1,5
GTGAGATAACCTTATA-1,2
GTGAGCGTGCTGCACT-1,5
GTGAGGACACTTAAGG-1,7
GTGAGGAGCGGTTGAG-1,7
GTGAGTCGACTAATAG-1,3
GTGATCAAGCGTGCAC-1,2
GTGATCACTAACGCCT-1,1
GTGATCATAGATCTGC-1,9
GTGATCCTTGTCATGA-1,3
GTGATGCACAACATCT-1,4
GTGATTCGCCGCTCAA-1,5
GTGCAACAAATGTGGC-1,5
GTGCACCAGCTTCAAC-1,2
GTGCACGAAAGTGACT-1,10
GTGCCATCACACGGTG-1,5
GTGCCCGTTCGGATTC-1,2
GTGCCGCTTCAAAGGT-1,9
GTGCCTCAGTGTACGG-1,1
GTGCCTGAGACCAAAC-1,3
GTGCGAAATCGAACAC-1,5
GTGCGACAGGGAGTGT-1,8
GTGCGCAGCTTGCTCC-1,9
GTGCGGGACCATCGGC-1,10
GTGCGGGTCTCCAAAT-1,6
GTGCGTGTATATGAGC-1,2
GTGCTCAAGTACTGTC-1,5
GTGCTTACATCAGCGC-1,1
GTGGAACCTACATGCG-1,7
GTGGACCAACCCGATT-1,9
GTGGACGCATTTGTCC-1,11
GTGGACGTGCTGAGAC-1,6
GTGGAGCGTTTACCGA-1,2
GTGGCAAACAGCGGCA-1,7
GTGGCCGGTTTCTCGG-1,2
GTGGCGGGCCGTAGCT-1,11
GTGGCGGTCCCAGCGT-1,7
GTGGCTGTTTCTGTTC-1,3
GTGGGAACAAACCGGG-1,2
GTGGGAAGACTGAATC-1,7
GTGGGCTTAGACACAC-1,1
GTGGTCAGCGAAGTAT-1,1
GTGGTTACTTCTTTCG-1,1
GTGGTTTCCGCCTTTC-1,5
GTGTACCTTGGCTACG-1,12
GTGTATATCAGCGGGC-1,11
GTGTATGACTTTAAAG-1,10
GTGTCAGTGTACGTGG-1,2
GTGTCGTATAGCGTTC-1,11
GTGTCGTATTCACCTT-1,4
GTGTGAATAACTTAGG-1,1
GTGTTACTATGCGTCC-1,1
GTTAAAGTAGGACTGG-1,1
GTTAACATCACTTAAA-1,11
GTTAACTATGTTGTCA-1,8
GTTAAGGGTGCGATGT-1,11
GTTAAGTTAGAGTGGG-1,8
GTTACAATTGGTGACG-1,5
GTTACCTACAACTTGC-1,7
GTTACTTTGGGCCTAG-1,5
GTTAGAGTGTGCCGCT-1,8
GTTAGCCCATGACATC-1,3
GTTAGCCGTAAATCAA-1,1
GTTAGGCTACCCGTTT-1,1
GTTATAATACGGTGAA-1,1
GTTATATCAGGAGCCA-1,4
GTTATATTATCTCCCT-1,10
GTTATCAAGCTATCGA-1,3
GTTATCACCTTCTGAA-1,10
GTTATTAAATACGACC-1,10
GTTATTAACGTGGGAG-1,1
GTTCAATCTATGTCAA-1,8
GTTCACAGGAGTCTAG-1,5
GTTCAGTCGCCAAATG-1,2
GTTCATCGTTTGGCTG-1,12
GTTCCAAGACAGCGAC-1,6
GTTCCAGTCTGACCAT-1,11
GTTCCGTCCGCCTGCA-1,2
GTTCGACAATTGTATA-1,2
GTTCGCCATAAGTGCC-1,5
GTTCGCTGAGACGTCT-1,1
GTTCGGAGCACTCAAC-1,1
GTTCGGATCGGGAACA-1,8
GTTCGGGCGTACCATT-1,12
GTTCGTCTAAAGAACT-1,1
GTTCGTCTGGGTCCCT-1,4
GTTCTTCCCTCGATGT-1,6
GTTCTTGTAACTCAAT-1,2
GTTGAACCGGTTCCAT-1,5
GTTGAGTCCCGCCGGT-1,1
GTTGCACGGAGTTTCG-1,1
GTTGCGCTAACATTAC-1,1
GTTGCGGACGGTCAGG-1,1
GTTGGACCGCATCAGG-1,4
GTTGGATTCAGTGGCT-1,4
GTTGGATTGAGAACAC-1,1
GTTGGATTTGCGTTGG-1,5
GTTGGTCATGCTATCC-1,11
GTTGTAGATTTATGAG-1,2
GTTGTCGTGTTAGTTG-1,6
GTTGTTACATTGCGCT-1,4
GTTTACGTTCCATCTG-1,7
GTTTCAAACGAGTTGT-1,9
GTTTCATATCGTCGCT-1,5
GTTTCCTGGAGGGTGA-1,12
GTTTCTAGAGGCGCGG-1,3
GTTTCTGCAGTCTCCC-1,5
GTTTGACCAAATCCTA-1,12
GTTTGGCCCAAGTTAT-1,2
GTTTGGCCGCTCAGCG-1,6
GTTTGGCGTCAGGCAC-1,8
GTTTGGGCTTGTGAGC-1,7
GTTTGGGTTTCGCCCG-1,3
GTTTGGTAGGGTCAAC-1,7
GTTTGGTGATCGGTGC-1,2
TAAACGTCGTCAATGA-1,6
TAAAGACAACCCTTTA-1,1
TAAAGAGCCCGAAACC-1,6
TAAAGCGGTATTTCCA-1,2
TAAAGCGTTAGGAGAA-1,7
TAAAGCTGCAATAGGG-1,4
TAAAGTGCACGTCTCG-1,2
TAAATCTTTACACCTC-1,4
TAAATGAATCCGTTTC-1,6
TAAATGCCGTCTCATG-1,4
TAAATTGTGGGTAAAG-1,2
TAAATTTAGTAACACC-1,2
TAACAAAGGGAGAAGC-1,1
TAACAATATTTGTTGC-1,7
TAACAGCGTTTGTGCT-1,2
TAACAGGTTCCCTTAG-1,2
TAACATACAATGTGGG-1,5
TAACATACACGCGATC-1,2
TAACCGCCCGCAGTGC-1,6
TAACCTACCGTCCGAG-1,1
TAACCTAGGGAGTCCA-1,3
TAACGCTTTGAGAGCG-1,9
TAACTATCGAAGGTCC-1,4
TAACTATTACGCCAAA-1,7
TAACTCATCCGCGCGG-1,5
TAACTCCATGGAGGCT-1,6
TAACTGAAATACGCCT-1,2
TAAGAGGGACAGGGAC-1,2
TAAGCAGGCGACACGC-1,9
TAAGCCCTTACGACCA-1,4
TAAGCGCGAATCAAAT-1,2
TAAGGAACTTGTGGGA-1,6
TAAGGCAACATAAGAT-1,12
TAAGGCCCGTCACCCT-1,10
TAAGGCTGAATCCCTC-1,8
TAAGGGCCTGTCCGAT-1,3
TAAGGGCTGGGAGAGG-1,1
TAAGTAAATGTGCCGC-1,4
TAAGTAACATCTTGAC-1,5
TAAGTCGCCGAGTATC-1,2
TAAGTTGCGACGTAGG-1,3
TAATAAACAAGGAGAT-1,4
TAATACACAGTAGTAT-1,6
TAATACTAGAACAGAC-1,3
TAATAGAACAGAGTTA-1,7
TAATAGGTCACCAGAA-1,2
TAATAGTGACGACCAG-1,1
TAATATTGAAATTCGC-1,6
TAATCGATCCGTACGT-1,4
TAATGAAAGACCCTTG-1,7
TAATTACGTCAGTAGA-1,3
TAATTAGATGGATATG-1,6
TAATTAGGACATCCGT-1,8
TAATTGCGCTGATTAC-1,2
TAATTGGAATCGGGAA-1,4
TACAACAGCGCATACA-1,3
TACAACGCACAACTCA-1,5
TACAAGCTGTTCACTG-1,10
TACAAGGGCTTCTTTA-1,3
TACAAGTCTCGTGCAT-1,5
TACACAGCCGTGGTGC-1,3
TACACCGTCGTTAGTC-1,4
TACACCTCTTCGAATC-1,3
TACAGAAACGGTGGGC-1,3
TACATAGGCATACACC-1,5
TACATCCCTATCCCTG-1,7
TACATTTCTAACGTGC-1,5
TACCAAATAGCCCAGA-1,11
TACCAATAAAGTACCA-1,9
TACCAGAAGTAGGTTC-1,1
TACCAGCTAGGTTTAA-1,9
TACCAGGAATCCCGTC-1,2
TACCGAATAATTGTAA-1,3
TACCGCGGACTTGCAG-1,7
TACCGGCTCACTGCCC-1,7
TACCGGTCGTTTCCAT-1,5
TACCGTAGGTTAACTA-1,11
TACCGTGCCTCGGACC-1,1
TACCTACTCCCAGTAT-1,11
TACCTCACGCTTGTAC-1,6
TACCTCAGTTGTCTGT-1,2
TACCTCCACACCAATG-1,2
TACCTGCTGCACTGTG-1,1
TACCTTAAGATTTCCC-1,7
TACGAACACGACTTCA-1,9
TACGACGCTTGCTGCG-1,5
TACGACTGCCTCTTAG-1,7
TACGAGAACTTCACGT-1,5
TACGATGTTGATCATC-1,5
TACGCAGTTCTTTCCT-1,5
TACGCCATATTCTAAT-1,5
TACGCCGAGGGTACCC-1,2
TACGCCTCCATTCCGA-1,11
TACGCTATAGAAACCT-1,12
TACGCTCCTAGAACTG-1,2
TACGCTCGGTATTGGA-1,8
TACGCTGCACGGTCGT-1,3
TACGCTGCTGTGTTAA-1,2
TACGGAAGCCAAACCA-1,3
TACGGCATGGACGCTA-1,7
TACGGGATGCTAGCAG-1,1
TACGGGTAATAACATA-1,3
TACGTAAAGCGGAGTG-1,3
TACGTACTAGTGCTGA-1,2
TACGTGCACTATGCTG-1,1
TACGTGGGCCCAGGGC-1,3
TACGTTTACCGGCAAT-1,5
TACTACGTGCAATGCG-1,3
TACTCCTCTAGTTGAC-1,2
TACTCGTTTGAATCAA-1,3
TACTCTCCGAACAAAT-1,1
TACTCTTACTTTACTG-1,8
TACTCTTTCGTCTTCA-1,1
TACTGCAATCAATTAC-1,1
TACTGGACAGCTCGGC-1,5
TACTGTTTCTCTGGTA-1,1
TACTTAAACATGTACA-1,3
TACTTGTTAGTAGTCC-1,7
TACTTTACTGAGCCGG-1,4
TACTTTCCGCACGCCA-1,7
TAGAAACCACTAAGTA-1,8
TAGAAAGGTGGCGCTA-1,1
TAGAATAGCCGATGAA-1,3
TAGAATTAAGGGCAAC-1,8
TAGACGAAACGCCAAT-1,11
TAGACGCCCGTACCGG-1,4
TAGACTACCTAGCGTT-1,8
TAGACTCAGTTGGCCT-1,2
TAGAGATCATGCAACT-1,9
TAGAGCTACGAAGAAC-1,6
TAGAGGGAGTTTATCT-1,2
TAGAGGTTCTACTTGT-1,3
TAGAGTCTAAGCGAAC-1,12
TAGAGTGTTCCGGGTA-1,3
TAGATCCGAAGTCGCA-1,8
TAGATGGTTCCTTACT-1,3
TAGATTCAAAGTGCGG-1,2
TAGATTCCTGGTTATT-1,9
TAGATTCTCTAGCAAA-1,3
TAGCAACCTGTCACAA-1,6
TAGCAGATACTTAGGG-1,3
TAGCAGTATGACTAAA-1,3
TAGCCATTTCAAAGTC-1,2
TAGCCGGCGGTCAGCG-1,1
TAGCGTCCCTCGATTG-1,9
TAGCGTCCGGTGTGGT-1,9
TAGCGTTGGGTCTTAC-1,5
TAGCTAAGTCCGGGAG-1,12
TAGCTAGTGATGATGG-1,2
TAGCTCAGATCCTAGT-1,4
TAGCTGATGTGAAGCG-1,7
TAGGAACAGCCTCCAG-1,7
TAGGAGGCTCGAGAAC-1,3
TAGGCATGTTACGCCA-1,1
TAGGCCTATATAGTCT-1,3
TAGGCGATGAGGTCTC-1,1
TAGGCGGCTGCAAAGA-1,2
TAGGCTAAAGTGGCAC-1,3
TAGGGAGCTTGGGATG-1,7
TAGGGTGTTTCAAGAG-1,6
TAGGTCCAAGTAAGGA-1,9
TAGGTCGCCGGAACTG-1,7
TAGGTGACGATAACCT-1,11
TAGGTGAGCCCTACTC-1,9
TAGGTGCTCGCCTAGC-1,2
TAGGTGTTCCACAGAT-1,11
TAGGTTCGAGTTCGTC-1,5
TAGGTTCTGCTGAGAA-1,2
TAGTACCACAACTTTC-1,2
TAGTACCTTAGTGGTC-1,6
TAGTAGCTTATACCAG-1,2
TAGTCCCGGAGACCAC-1,2
TAGTCCGCAGAGAATG-1,5
TAGTCCGTATGCATAA-1,9
TAGTCCTGCACTAAGC-1,2
TAGTCGATCACGGGTT-1,1
TAGTCTAACAACGAGA-1,5
TAGTCTGCGGCACATT-1,2
TAGTCTGTGACGTTGC-1,4
TAGTCTTTCCGAATTG-1,1
TAGTGCCCTCCAGAGT-1,10
TAGTGGAACTCATACA-1,8
TAGTGTCAGAAACGGC-1,9
TAGTTAAGATAGGATA-1,1
TAGTTTATTCTTGCTT-1,6
TATAAATCCACAAGCT-1,12
TATAAGTGAGGATAGC-1,1
TATACACGCAAAGTAT-1,6
TATACCGAGTGCCACA-1,1
TATACGCGTCATCACT-1,9
TATACTCATGCGGCAA-1,9
TATAGAGTCGCTTGAA-1,2
TATAGATGGTCGCAGT-1,8
TATAGGGTACTCATGA-1,5
TATAGTTAGGTGTACT-1,2
TATATAGGGCTTTACG-1,2
TATATATCGAGAAATG-1,2
TATATCAAAGTGATCT-1,2
TATATCCCTGGGAGGA-1,7
TATATTACAAATGTCG-1,4
TATATTCGCGTCGATA-1,8
TATCACAGCACGGGCA-1,10
TATCACCATGTAAAGT-1,4
TATCACCCAACCGACC-1,4
TATCACTTCGAGTAAC-1,1
TATCCAATTGGTTATC-1,11
TATCCATATCATGCGA-1,11
TATCCATCTCGGTTAG-1,2
TATCCGCACCGTCGGG-1,1
TATCCTATCAACTGGT-1,2
TATCCTGCATGGGAAT-1,6
TATCGATCTATGCATA-1,1
TATCGATGATTAAACG-1,9
TATCTACAGAGGTAAT-1,5
TATCTACCACAGCGGG-1,5
TATCTGAGCCGATATT-1,2
TATCTTGCAATACAAC-1,2
TATGAAGAATTAAGGT-1,3
TATGAAGACAGGTGCG-1,1
TATGATAAATCTAACG-1,8
TATGATCCGGCACGCC-1,4
TATGATCTTCTCTTTA-1,3
TATGATTCTGCTTGGT-1,10
TATGCTCCCTACTTAC-1,12
TATGGAGTTTCTCGTT-1,6
TATGGATGTGCTACGC-1,9
TATGGCCCGGCCTCGC-1,5
TATGGGACCGAGCAGG-1,5
TATGGGTACGTATCGT-1,12
TATGGTCTGAGTAACA-1,9
TATGGTTAGTGGGAGA-1,8
TATGTAAAGTGCTTAA-1,2
TATGTCAAGACCGACT-1,4
TATGTCTCATTGTGCC-1,1
TATTAACACCAAAGCA-1,1
TATTACCATCCTGCTT-1,9
TATTATGTTTGCCTGC-1,2
TATTCAATTCTAATCC-1,5
TATTCCGAGCTGTTAT-1,3
TATTCCGGCAGTCCTA-1,10
TATTCCTCCGCCCACT-1,7
TATTCGTGCCAGAATA-1,12
TATTGACATTTCTGCC-1,8
TATTGCCGGGCTTGTA-1,3
TATTTAGTCTAGATCG-1,6
TATTTATACCGAGTAG-1,7
TATTTGATTTGCACAG-1,1
TATTTGTTACCCTTTA-1,1
TCAAACAACCGCGTCG-1,10
TCAAACTTAGATTGTT-1,12
TCAAAGTCACGGCGTC-1,2
TCAAATTGTTGTGCCG-1,3
TCAAATTTGAGACTCA-1,11
TCAACAAAGATAATTC-1,2
TCAACACATTGGGTAA-1,6
TCAACATAGCGCCCTA-1,1
TCAACATCGACCGAGA-1,7
TCAACCATGTTCGGGC-1,9
TCAACGAGGAGACAAA-1,5
TCAACGCAGGAAATAA-1,7
TCAACGCGACCGGCAG-1,5
TCAACTAACGTATAAC-1,1
TCAACTGCAGAGTCAG-1,8
TCAAGAAATACTAGCT-1,8
TCAAGCGCGGACGGTA-1,8
TCAAGGTTACTACACC-1,1
TCAATACGCCGTCATG-1,11
TCAATATACAGGAGGC-1,3
TCAATCCGGGAAGTTT-1,3
TCACAAACCGAGGTAC-1,3
TCACAGATCCTCAAAC-1,1
TCACAGGTTATTGGGC-1,5
TCACATCTTATCTGAT-1,7
TCACCCTCTTAAGATT-1,10
TCACCGCTCGGCACTC-1,4
TCACGATGTCCGTGGA-1,7
TCACGCATTGTAGATC-1,5
TCACGGCCCAAGAGAG-1,2
TCACGGTCATCGCACA-1,1
TCACGTGCCCGATTCA-1,5
TCACTACGACCAATGC-1,1
TCACTATCCCTTCGGT-1,3
TCACTCGTGCAACGGC-1,4
TCAGAACCTCCACAGG-1,1
TCAGAACGGCGGTAAT-1,3
TCAGAGGACGCGTTAG-1,3
TCAGCAAATGCATCTC-1,12
TCAGCAGTAGGCCCTG-1,2
TCAGCCAATCCGTAAA-1,3
TCAGCGCACGCCGTTT-1,2
TCAGGGCGCAAACTCG-1,1
TCAGGGTGCACGAAAC-1,1
TCAGGGTGTAACGTAA-1,12
TCAGGTTCTTTGAGAA-1,9
TCAGTACTGACCCGCG-1,7
TCAGTAGGGACTATAA-1,5
TCAGTGTATACGTCAT-1,2
TCAGTTACGGAATGAT-1,8
TCATACTTACAGATCC-1,1
TCATATGAGCTTTGTT-1,11
TCATCACTCGAGCTCG-1,6
TCATCCCAGAGGGTGG-1,10
TCATCCTCAGCTGCTT-1,3
TCATCGACGACCGTCG-1,3
TCATCGATGGTCCCAA-1,2
TCATGCAGGTTCTCAT-1,4
TCATTCGTATAATTTG-1,4
TCATTTAAGTCTCCGA-1,10
TCATTTAGAAGTGTGA-1,1
TCCAACTCAGCTATCT-1,3
TCCAACTTTAAATTCT-1,5
TCCAAGCCTAGACACA-1,3
TCCAATAAAGGCTACC-1,2
TCCACAATGGTTTACG-1,1
TCCACATCGTATATTG-1,3
TCCACCAAGACATAGG-1,3
TCCACCTCTAGCCTTT-1,1
TCCACTTTATCTAGGT-1,9
TCCAGAGCACCGGTTC-1,5
TCCAGATGTACGCCAA-1,4
TCCAGCGCTATAAGCG-1,1
TCCAGGCAGGACGATC-1,2
TCCAGGCGAGTACGGT-1,12
TCCAGGGTATATACGA-1,11
TCCATCAATACTAATC-1,2
TCCATTAGTTGGATAG-1,6
TCCATTGTGACCTCGT-1,8
TCCCAAACAGACAACG-1,1
TCCCAAAGACGAAGGA-1,12
TCCCAAAGCCCTAAAT-1,8
TCCCACTCTCTTCCGG-1,9
TCCCAGCTTTAGTCTG-1,10
TCCCAGGCTTAGCTAA-1,9
TCCCGCCTATGTGCGT-1,8
TCCCGCGTACTCCTGG-1,12
TCCCGGGTGTGCTGCT-1,5
TCCCGGTCAGGAATTT-1,10
TCCCGTCAGTCCCGCA-1,7
TCCCGTCGCGTCATAG-1,7
TCCCTAGATCAATAGG-1,1
TCCCTCTTCTCAAGGG-1,3
TCCCTGGCGTATTAAC-1,2
TCCCTGGCTCGCTGGA-1,5
TCCCTTAGATTACTCG-1,1
TCCCTTGTCTGAAACT-1,3
TCCGAACTTGGCTTAC-1,7
TCCGAAGTAGTCACCA-1,4
TCCGAATGGTCCTGAG-1,9
TCCGACCGCTAATCAA-1,2
TCCGAGAAGGCTAAGC-1,10
TCCGATAATTGCCATA-1,6
TCCGATGACTGAGCTC-1,7
TCCGATGGTGCGACAT-1,1
TCCGATTACATTGCCG-1,5
TCCGCCTGTCTACAAG-1,9
TCCGCGGCAGCATCTG-1,1
TCCGCGGCCCAATGAA-1,3
TCCGCTGTCATCCCGG-1,1
TCCGGAGGAAGGGCTG-1,1
TCCGGCCTAGCGTACA-1,4
TCCGGCCTGCATCGAT-1,8
TCCGGGCTTGACGGGA-1,3
TCCGTAACCACAATCC-1,6
TCCGTTAAGCTAATAT-1,3
TCCGTTTAGCCTTGAA-1,4
TCCTAAAGATTCAGAC-1,3
TCCTAAATTGGGAAGC-1,11
TCCTAACCGTCGGGCA-1,2
TCCTAGCAAAGAAGCT-1,5
TCCTATCATAGGTAAC-1,7
TCCTCCTAAGACATTC-1,1
TCCTCGGGCTGGGCTT-1,1
TCCTCTACGAGATGGC-1,7
TCCTCTCCAGTTGTCC-1,9
TCCTCTGGCCCATTAG-1,1
TCCTGCCAACTGGAGA-1,1
TCCTGCGTTGATACTC-1,5
TCCTGGCGCTGCCTGG-1,4
TCCTTACGACGGTCCG-1,1
TCCTTCAGTGGTCGAA-1,1
TCCTTGTCCTTTAATT-1,3
TCCTTTAAATCCGCTT-1,3
TCCTTTCTTACGCTTA-1,12
TCGAAATTTAGGACCA-1,12
TCGAAGAACCGAGCAC-1,8
TCGAATATCCCGCAGG-1,2
TCGACAACTGAACCCG-1,2
TCGACTGACGATGGCT-1,3
TCGAGACCAACACCGT-1,5
TCGAGCCAGGCAGGCC-1,2
TCGAGGGCAACAGACG-1,1
TCGATAGGCTAGTCGC-1,6
TCGCACCAGGAGGCAG-1,1
TCGCATAAAGGGCGCA-1,1
TCGCATCCCTAAGTGT-1,6
TCGCATTCAATGACTT-1,6
TCGCCCAACTGACTCC-1,4
TCGCCGAAGTTGCGTC-1,5
TCGCCGACATATTCGC-1,3
TCGCCGGTCGATCCGT-1,6
TCGCCTCCTTCGGCTC-1,3
TCGCGCGTTTACATGA-1,2
TCGCGTAGCAGTGTCC-1,4
TCGCGTCCAGAAGGTC-1,5
TCGCTAAACCGCTATC-1,1
TCGCTACTGGCTTTGA-1,3
TCGCTCGATATATTCC-1,9
TCGCTCGGCACCAGCG-1,4
TCGCTGCCAATGCTGT-1,3
TCGCTGGGCGGATTGT-1,12
TCGCTGTGCGTAAATC-1,6
TCGCTTAATTACGAAG-1,4
TCGCTTTAAACGTTTG-1,1
TCGGAATGACCATCAA-1,8
TCGGAATGCGCTCTGA-1,5
TCGGACGCCCAGCCCA-1,5
TCGGAGAGTATCGGGA-1,9
TCGGAGTACATGAGTA-1,1
TCGGCGAACCCAAACC-1,1
TCGGCGTACTGCACAA-1,1
TCGGCTAACTTCCCTT-1,8
TCGGCTTGTATCGACG-1,3
TCGGGAACGTGCCTAG-1,12
TCGGGAGACAGCGTAC-1,11
TCGGGATTCAAACATA-1,7
TCGGGCCGTCGTGGTA-1,2
TCGGGTGAAACTGCTA-1,10
TCGGTCCCGACAATAG-1,2
TCGGTCCCTGACTCCA-1,1
TCGGTGACCGCTCCGG-1,1
TCGGTTAGCCATGTAG-1,4
TCGTAAGACGACATTG-1,12
TCGTAAGCTCCGAGGA-1,1
TCGTACCGACGTCAAG-1,2
TCGTATAGTGCAATTA-1,10
TCGTATTACCCATTGC-1,5
TCGTATTTCGTCCGGA-1,8
TCGTCAAGTACGCGCA-1,2
TCGTCACACTGTTAGC-1,7
TCGTCCGCTGGCGTCT-1,1
TCGTCCGGGTACACTC-1,4
TCGTCTTAGGCGTTAA-1,3
TCGTGTATTGGTCACG-1,4
TCGTGTCACGCTGACA-1,9
TCGTGTTCGACCACAA-1,9
TCGTTCGTTATTATGT-1,10
TCGTTGGCTCGTCAAT-1,10
TCGTTTACGCGACCCT-1,3
TCTAAAGAACAGTCTC-1,1
TCTAACCTAGCCTGCG-1,3
TCTAATACTGCCTCAG-1,2
TCTACACGTTCATGCA-1,4
TCTACCCAATAGAGAG-1,8
TCTACCCGCATCATTT-1,3
TCTACCGTCCACAAGC-1,12
TCTACGGGCTCAGTTG-1,4
TCTAGCAATCTCCGCC-1,5
TCTAGCATCTTCGATG-1,1
TCTAGCATGCCCAGAA-1,7
TCTAGGTGGCGACGCT-1,4
TCTAGTGATATCGTGG-1,11
TCTAGTTATCAGAAGA-1,5
TCTATAGGTGGGTAAT-1,3
TCTATCATGCAGTTAC-1,6
TCTATCCGATTGCACA-1,3
TCTATCGGTCGCAACA-1,10
TCTATGCTATAACGAC-1,3
TCTATTACGCTGGCGA-1,6
TCTATTACTAGAGGAT-1,7
TCTCAAATCAATCGGG-1,3
TCTCAGGCTACTCGCT-1,3
TCTCATGAGATAGGGT-1,1
TCTCCAACGTAGGTTA-1,1
TCTCCACAAGTTGAAT-1,3
TCTCCCTGGGCAGCGT-1,11
TCTCGAACGAGGTCAC-1,1
TCTCGACGTATCGCCG-1,11
TCTCGAGGAGGTTCGC-1,1
TCTCGGCTCCAGGACT-1,6
TCTCTAATAGCTGGTA-1,6
TCTCTCGCCGCACATA-1,1
TCTCTTACCGCGAACC-1,2
TCTGAACCGGTCGGCT-1,1
TCTGAACTCGTACCCG-1,1
TCTGAAGCACGTGGTC-1,3
TCTGAATTCCGTACAA-1,1
TCTGACGGGCTAACCC-1,1
TCTGACTGTAATGGTT-1,6
TCTGAGCAATTGACTG-1,1
TCTGATCGGGTGCTAG-1,8
TCTGATGTATTCTGTC-1,1
TCTGCATACCTTGCTT-1,3
TCTGCCAGAAACTGCA-1,7
TCTGCGAATCGTTCGC-1,4
TCTGCGTCCGGTTTCT-1,6
TCTGGGAACCTTTGAA-1,8
TCTGGGTAGCGCTCAT-1,5
TCTGTCATACAAGAGC-1,6
TCTGTGATGGAGGTTG-1,4
TCTGTGCCATCATAGT-1,1
TCTGTGGCTACATTTC-1,10
TCTGTTACCCAGCATA-1,1
TCTTACAGAGGTACCG-1,6
TCTTACCGGAACTCGT-1,4
TCTTACGGCATCCGAC-1,1
TCTTACTTATGCCTCT-1,1
TCTTAGAGCTCCAATT-1,8
TCTTAGAGTGAACTCT-1,8
TCTTATGGGTAGTACC-1,10
TCTTCCCATGGGCACA-1,4
TCTTCGAATAGACGTT-1,5
TCTTCGATACCAATAA-1,12
TCTTCGCGGTGAGAGG-1,8
TCTTCTATAACCCGCC-1,9
TCTTGATGCGTAGCGA-1,5
TCTTGCTCCCGATACT-1,1
TCTTGGTAACACCAAA-1,10
TCTTTAAGACTATGAA-1,7
TCTTTAGAGTCTAACA-1,1
TCTTTAGCAGGCGAAC-1,8
TCTTTCTCTTAAGGAG-1,8
TGAAACTTATGCAAGC-1,8
TGAAAGGACCTGACTC-1,1
TGAACAAGCAGGGACT-1,2
TGAATACCGACGCGTA-1,3
TGAATATGCTATAAAC-1,4
TGAATGAGTGTTTCCC-1,2
TGAATGTCAGCCGGCC-1,11
TGACACTTCTCTTTGC-1,4
TGACATCGAGCGGACC-1,8
TGACATGTAACGTGAC-1,1
TGACCAAATCTTAAAC-1,11
TGACCAGCTTCAAAGT-1,4
TGACCCACGTTAGACA-1,5
TGACGAATATTTCCCT-1,5
TGACGATGCACTAGAA-1,7
TGACTATAATCCTTTC-1,7
TGACTCCGAATCATAC-1,2
TGAGAATGCTTTACCG-1,6
TGAGAGATTTACCACG-1,2
TGAGATCAAATACTCA-1,8
TGAGATTAGGCCCTAA-1,4
TGAGCCATACAGTCTC-1,5
TGAGCGGAAAGTGTTC-1,11
TGAGCTTTAATGACGC-1,1
TGAGGAGTGCCAGCTT-1,11
TGAGGTGTGTGGCGGA-1,2
TGAGTAAATTAGCGTA-1,9
TGAGTGCCTCTTAAAT-1,5
TGAGTGGTCCGTGACG-1,1
TGAGTGTAACAACGGG-1,3
TGAGTTAAAGACATTC-1,9
TGATAGCGGGATTCTA-1,7
TGATCACCACACTGAC-1,2
TGATCAGGGAACTGCT-1,9
TGATCCCAGCATTAGT-1,4
TGATCGGTTTGACCCT-1,12
TGATCTACGCTGATCT-1,1
TGATCTATCACACTCT-1,3
TGATCTCCGGCGCCAG-1,12
TGATGGCTGTTTCTGA-1,1
TGATGTCAATTAAGTG-1,1
TGATTATGGCACGCAG-1,4
TGATTCCCGGTTACCT-1,2
TGATTCGTCTATCACT-1,9
TGATTCTGTCGCCGGT-1,9
TGATTTATTAGCTGTG-1,5
TGATTTCCTCCTGACG-1,6
TGCAAAGTTCGTCTGT-1,2
TGCAACCCATCTGCGG-1,3
TGCAACTACTGGTTGA-1,3
TGCAAGAATGACGTAA-1,12
TGCAATCTAACACGGT-1,3
TGCAATTTGGGCACGG-1,1
TGCACAGTGAAGTTAT-1,4
TGCACGAGTCGGCAGC-1,10
TGCACTATGTGAGTGC-1,9
TGCAGAACTATATCGT-1,7
TGCAGAGTACCGAGCA-1,5
TGCAGATCGTCCTAGG-1,7
TGCAGCTACGTACTTC-1,7
TGCAGGATCGGCAAAG-1,7
TGCAGTGAGGCTCGGG-1,4
TGCAGTGGTAGGGAAC-1,2
TGCAGTTTCCTCCCAT-1,2
TGCATATGTCTGTCAC-1,1
TGCATGGATCGGATCT-1,10
TGCATGTGACCCATAG-1,2
TGCATGTGGTAATCTA-1,1
TGCCAAAGTCAGACTT-1,7
TGCCACCTGGCGAAAC-1,1
TGCCAGTACGTGGAGA-1,1
TGCCATTACTAAAGAA-1,1
TGCCCGATAGTTAGAA-1,3
TGCCGAAAGCGTATTC-1,8
TGCCGGATGTACGAGC-1,2
TGCCGTGGATCGTCCT-1,11
TGCCGTGGGACCCAAT-1,2
TGCCTAATTGAAGATT-1,8
TGCCTGACATCGGTCA-1,1
TGCCTGATCAAACGAT-1,9
TGCCTTGGCCAGGCAA-1,3
TGCGAATATGGGATTT-1,7
TGCGACACCCTAGTGC-1,5
TGCGACGGCCGAACGT-1,2
TGCGAGAATATTACCC-1,7
TGCGAGATGGCGGCCA-1,4
TGCGAGCCCTTCCGCG-1,4
TGCGCAAAGCATTTGG-1,12
TGCGCGATTAACGGAG-1,12
TGCGGACTTGACTCCG-1,3
TGCGGAGTAAAGGTGC-1,7
TGCGGCATAGTTCAAC-1,6
TGCGGGTATTGGGATC-1,8
TGCGGTGAAATTTCAT-1,10
TGCGTAAGAACCTGAT-1,9
TGCGTACGGCTAATTG-1,3
TGCGTCATGACTGAGC-1,7
TGCGTGATTGGGTGTC-1,6
TGCGTTTGTTGACACT-1,7
TGCTAAGTGTCTATTT-1,3
TGCTATACAAACGGAC-1,10
TGCTATGGCAAAGGGA-1,2
TGCTCCACAGTTCTTA-1,1
TGCTCGGCGAAACCCA-1,11
TGCTCGGTGGGTCACC-1,3
TGCTCTTGAGAGTTTG-1,3
TGCTGGTTGGACAATT-1,6
TGCTGTTGAAGAACTC-1,5
TGCTTAGAGAGAATGC-1,2
TGCTTCCCAAGCAGTA-1,11
TGCTTGAAACCATGCA-1,6
TGGAAACGGAGTGAAC-1,6
TGGAACCACTGACACA-1,4
TGGAAGAAGGGAACGT-1,5
TGGAAGACGAACACCA-1,6
TGGAAGGATAAAGATG-1,9
TGGAATATCCTTGACC-1,4
TGGAATTAGACGCTTT-1,7
TGGACCAATCTAAGAT-1,9
TGGACCACGGCGTTGA-1,6
TGGACGCAATCCAGCC-1,2
TGGACTGTTCGCTCAA-1,9
TGGAGAATAATCGTCC-1,2
TGGAGCTAAAGTTCCC-1,8
TGGAGGGAAACACCTC-1,1
TGGAGTGATGCGATGA-1,9
TGGATAGAGTAACAGA-1,9
TGGCAAACTAAATTAC-1,1
TGGCAACTCGCGCGCC-1,1
TGGCAAGCACAAGTCG-1,2
TGGCAATGGGACGGCG-1,1
TGGCACGAGCTCGAGT-1,4
TGGCAGATTACGATCA-1,9
TGGCAGCAGTAATAGT-1,9
TGGCATGAAGTTTGGG-1,1
TGGCCAAACTGAAGTA-1,9
TGGCCAATTTGGTACT-1,7
TGGCCGTATATTGACC-1,12
TGGCGGTGTGCGATTG-1,6
TGGCTACACTCTACCT-1,3
TGGCTATGTGACATAC-1,9
TGGCTCTTGTCGCGTA-1,7
TGGCTTGTACAAGCTT-1,4
TGGCTTTGGGTAGACA-1,11
TGGGAAATGCCTTTCC-1,6
TGGGATGCACTCATTC-1,1
TGGGCAATAGTTGGGT-1,9
TGGGCACAAACAGAAC-1,6
TGGGCACGTTCTATGG-1,7
TGGGCAGGCCACCGCA-1,1
TGGGCCACAAGAGCGC-1,1
TGGGCCCATACTAATT-1,1
TGGGCGATACAATAAG-1,1
TGGGTAAGGTTCCCGC-1,9
TGGGTGCACAAGCCAT-1,3
TGGGTGGGATGTCATT-1,4
TGGGTGTAATAGATTT-1,3
TGGGTGTTAAGTAGAA-1,1
TGGGTTTCGGGCGTAC-1,2
TGGTAAGCAGGATTGA-1,7
TGGTAGAATATATGGG-1,1
TGGTATCGCATCCCAA-1,8
TGGTATCGGTCTGTAT-1,10
TGGTCCCACGCTACGG-1,1
TGGTCTGTTGGGCGTA-1,5
TGGTGATCGTATTTGT-1,7
TGGTGCCCTGCCTTAC-1,2
TGGTTAAGGGCGCTGG-1,4
TGGTTCAACGGGTAAT-1,7
TGGTTCGTAGCAAAGG-1,6
TGGTTGGAGGATCCTG-1,4
TGGTTTAAACGTGGGT-1,4
TGTACCTACACGAGGG-1,3
TGTACGAACAAATCCG-1,5
TGTACTACTCTCACGG-1,4
TGTACTGTGCCAAAGT-1,10
TGTACTTCCGGGCATG-1,3
TGTAGCCAATTCCGTT-1,3
TGTAGCCATCCCATTC-1,1
TGTAGGAGAAATTTCC-1,7
TGTAGTGATCTATAAT-1,5
TGTATAACAGATCCTG-1,12
TGTATCAGACTGAAGC-1,4
TGTATCCTTATTCCAT-1,10
TGTATGGCGCAGACAG-1,4
TGTATTTACCTAATGC-1,4
TGTCATTTGTTGGGAA-1,4
TGTCCACGGCTCAACT-1,3
TGTCCCGACATAGCAC-1,6
TGTCCGCAAACAATTC-1,2
TGTCCGTGGCGCCTTT-1,7
TGTCCTAAGTCACCGC-1,5
TGTCGGCATGGTGGAA-1,9
TGTCGTGGGTATAGGC-1,2
TGTCGTTATCACATAT-1,2
TGTCTACAGTTTCTGT-1,6
TGTGACTACGCCAGTC-1,7
TGTGACTAGAGTTTGC-1,3
TGTGAGACTAGCCCAA-1,11
TGTGCCGGTGCCGGAA-1,3
TGTGCTTTACGTAAGA-1,9
TGTGGAGGAAGCTTAA-1,10
TGTGGCAAAGCGTATG-1,4
TGTGGCGGGCTTCTGG-1,9
TGTGGCTCCCACCAAC-1,1
TGTGGTTGCTAAAGCT-1,2
TGTGTAGTAGCACGTG-1,8
TGTGTCGCGAGTTGCA-1,1
TGTGTTCGTATCCAAG-1,9
TGTTATTGTATGTGGC-1,2
TGTTCCGCTTCCATGA-1,5
TGTTCCGGCCTGAGCT-1,3
TGTTCTCTACTCCCTA-1,4
TGTTCTTCCATTGACT-1,5
TGTTGTCAAGAAGTCT-1,1
TGTTTAATACTTCATC-1,8
TGTTTCGGTACTTCTC-1,6
TGTTTGAGATCGTCAG-1,1
TTAAACAGAGTCCCGC-1,6
TTAAACCGGTAGCGAC-1,6
TTAAACCTGGTTCCTT-1,7
TTAAACTCGAATTCAT-1,4
TTAAAGGCGATGCTCG-1,2
TTAAAGTAAGTCGCCA-1,3
TTAACACCTCGAACAT-1,7
TTAACCAACCCTCCCT-1,6
TTAACGAACAAGCAGT-1,4
TTAACGTCGCAAGACC-1,6
TTAACTCACGCGTGGA-1,7
TTAACTTCAGGTAGGA-1,1
TTAAGACGAACGAACC-1,4
TTAAGATAGGATTGAC-1,8
TTAAGCCGACAACTTC-1,9
TTAAGCGCCTGACCCA-1,5
TTAAGGATACGGAGGT-1,6
TTAAGGCCCGTACTTT-1,2
TTAAGTATTGTTATCC-1,3
TTAATCAGTACGTCAG-1,1
TTAATGCGAGGTAACT-1,8
TTAATGTAGACCAGGT-1,9
TTAATTGCTTTGGGTG-1,11
TTAATTTCAGACGCGG-1,10
TTACAACTACGCATCC-1,10
TTACACGATCTGCGAC-1,1
TTACAGACCTAAATGA-1,4
TTACATCGTGGCCTGG-1,9
TTACATGCCACAACTA-1,8
TTACCATTGATTACCC-1,5
TTACCCATTGCCGGGT-1,1
TTACCCTAACAGTCCT-1,1
TTACCCTAGGGATTGG-1,11
TTACCGCCTTAGGGAA-1,6
TTACGGATGGTTCGAG-1,4
TTACGTATCTATGACA-1,9
TTACTAAAGGACTTTA-1,7
TTACTCCGGCCGGGAA-1,12
TTACTCTGGTACGTAC-1,5
TTACTGGGATATTTCA-1,5
TTACTGTCTAGAGCTC-1,1
TTACTGTTTCTCTACG-1,8
TTAGAAGAACATGACT-1,7
TTAGAATAAGGGTCGG-1,2
TTAGACACGATCGTTG-1,1
TTAGACGAGTCACCTC-1,7
TTAGAGTTTAGAAGGA-1,2
TTAGATAGGTCGATAC-1,6
TTAGCAACATGGATGT-1,9
TTAGCTAATACGATCT-1,4
TTAGCTGATTTGCCGT-1,7
TTAGGTCATAACCGAC-1,2
TTAGTAAACCTGCTCT-1,3
TTAGTAGGGCGGCGGG-1,5
TTAGTTATTCGTGGCA-1,1
TTAGTTCAAGTGTTCG-1,4
TTATAGATGCACATTA-1,10
TTATAGGTAATTGTCT-1,11
TTATAGTCCAAGGTGC-1,4
TTATATACGCTGTCAC-1,5
TTATATTTGGCAATCC-1,12
TTATCCAATCGAACTC-1,6
TTATCCGGGATCTATA-1,1
TTATCCTCAAGGAATA-1,1
TTATCGCCTGCGAAGC-1,7
TTATCTGTATCATAAC-1,6
TTATGAATGAAAGGGA-1,5
TTATGACAAACTGGAT-1,7
TTATGATCTTAACGAA-1,7
TTATGCGTCCCGGTCC-1,10
TTATGTTTGCGATAGA-1,7
TTATTAGGGAAGCATC-1,6
TTCAAAGTCTCTAGCC-1,5
TTCAACGACCCGACCG-1,6
TTCAAGCCGAGCTGAG-1,9
TTCAATACTCTGAATC-1,7
TTCAATTAGCCATAAT-1,8
TTCACGAAAGGATCAC-1,5
TTCACTCGAGCACCTA-1,8
TTCACTTCCTAGAACG-1,2
TTCAGAGTAACCTGAC-1,6
TTCAGCCCTGGTCCAC-1,7
TTCAGCTGGCGTGCCC-1,3
TTCAGGCGTCAAAGCC-1,1
TTCAGTTCAAGAGGAG-1,2
TTCATAGCCTTGTAAC-1,6
TTCATGGCGCAACAGG-1,1
TTCCAATCAGAGCTAG-1,4
TTCCAATCTGGCTATC-1,1
TTCCAGACGAGATTTA-1,8
TTCCATCATGCGGTGA-1,1
TTCCATCGACAGCGTG-1,3
TTCCCGGCGCCAATAG-1,1
TTCCGCAGAGAAATAT-1,1
TTCCGCGTGAGGCGAT-1,7
TTCCGGCTCGACTTCT-1,4
TTCCGGTATCTGTGTC-1,8
TTCCGGTTACCCACTT-1,2
TTCCTCGAGGGTGTCT-1,6
TTCCTCGGACTAACCA-1,1
TTCCTTTCTGTGTTGC-1,6
TTCGACAGAGCCCGTG-1,1
TTCGACGGGAAGGGCG-1,1
TTCGAGCCGGCGCTAC-1,4
TTCGCACTCGCGTGCT-1,9
TTCGCACTGTACGACA-1,11
TTCGCATCCGGAAGCA-1,6
TTCGCGCGCCATACGA-1,2
TTCGCTAGGAAGTTGT-1,1
TTCGCTATCTGACGTG-1,1
TTCGGACTGATGCCTT-1,4
TTCGGCAACCCGCTGA-1,4
TTCGGCTAGAGATGGT-1,6
TTCGGGACTAATCGCG-1,5
TTCGGGTTGCCACGGG-1,8
TTCGGTACTGTAGAGG-1,1
TTCGTAATCCCAGCGG-1,7
TTCGTACTCCAGAACG-1,5
TTCGTTCAACGAAGTT-1,4
TTCTAACCGAAGCTTA-1,4
TTCTACCTCAATCGGT-1,2
TTCTACCTTTATGTTG-1,8
TTCTACTTGCGAGGGC-1,6
TTCTAGAAAGTCTTAT-1,2
TTCTAGGCCAATTGTG-1,12
TTCTATGCCTTTCGCA-1,1
TTCTATTAAACGCAGC-1,2
TTCTCAATTGCTACAA-1,2
TTCTGACCGGGCTCAA-1,3
TTCTGCCGCGCCTAGA-1,7
TTCTGCGGGTTAGCGG-1,1
TTCTGCTAGACTCCAA-1,4
TTCTTAGTGAACGGTG-1,9
TTCTTAGTGGCTCAGA-1,6
TTCTTATCCGCTGGGT-1,1
TTCTTCCCTTTGATAT-1,10
TTCTTGAGCCGCGCTA-1,5
TTCTTGCTAGCATCTC-1,8
TTCTTGGACGATCTGC-1,7
TTCTTGGAGTAATGAG-1,1
TTCTTGTAACCTAATG-1,1
TTCTTTGGTCGCGACG-1,4
TTGAAAGGTGTAAAGG-1,1
TTGAACGAATCCTTTG-1,6
TTGAACGACGTGCTGA-1,3
TTGAAGAATTCCCAGG-1,5
TTGAAGGATGGGCGCC-1,2
TTGAATATGGACTTTC-1,5
TTGAATCGTTGTATAA-1,1
TTGAATTCACGTGAGG-1,8
TTGACAGGAGCTCCCG-1,10
TTGACATGAACGTGGA-1,5
TTGACCAGGAACAACT-1,3
TTGACCATGTTCTCCG-1,7
TTGACCGTGTTAATGA-1,7
TTGACGATTCAGCACG-1,10
TTGACGCTCCATGAGC-1,8
TTGACTACCATATGGT-1,5
TTGACTATTGTCCGGC-1,1
TTGAGAAGTTTAGCAT-1,3
TTGAGAGTACTGCTAA-1,5
TTGAGCAGCCCACGGT-1,1
TTGAGCGCCACGTGAT-1,8
TTGAGGCATTTAACTC-1,1
TTGAGTCCCGCTGCTG-1,9
TTGATAGTCAATACAT-1,4
TTGATCTAACTTTGTC-1,12
TTGATGCCGCTCGTCG-1,2
TTGATGTGTAGTCCCG-1,4
TTGATTAGCTGTTTCT-1,12
TTGATTATGCAGATGA-1,9
TTGCAAGAAGACTCCT-1,3
TTGCACAATTCAGAAA-1,5
TTGCACGGAGCAGCAC-1,6
TTGCATGCTGATCACG-1,5
TTGCCAAGCAGAACCC-1,1
TTGCCATAGCCCGCTC-1,2
TTGCCCTGATCACGGG-1,5
TTGCCGCAGACCTACA-1,2
TTGCCGCTTTCTAGTA-1,11
TTGCCGGTGATCCCTC-1,4
TTGCCTAATCCAAAGT-1,2
TTGCCTTCTCGCCGGG-1,3
TTGCGCACAACCACGT-1,1
TTGCGCTTGATCAATA-1,3
TTGCGGCGACTCATGC-1,10
TTGCGTAGTTTGAGGA-1,7
TTGCGTGAACGCTTAG-1,4
TTGCGTGTGTAGGCAT-1,3
TTGCTCATAGTACGTG-1,3
TTGCTCCCATACCGGA-1,7
TTGCTGAAGGAACCAC-1,6
TTGCTGATCATGTTCG-1,9
TTGCTGCACCTATCCA-1,1
TTGCTGGCCGGGCTTC-1,8
TTGGAAGAATACAGTC-1,7
TTGGACATGTGGCTTA-1,5
TTGGACCATCTGGCAA-1,1
TTGGACCTATAACAGT-1,3
TTGGAGTCTCCCTTCT-1,6
TTGGATATCGTCTACG-1,9
TTGGATCGACTTCTGG-1,10
TTGGATTGGGTACCAC-1,6
TTGGCCAAATTGTATC-1,3
TTGGCCATCTTGCGCT-1,6
TTGGCCTAGAATTTCG-1,1
TTGGCGATCCGAATAT-1,8
TTGGCTCAATATGTGT-1,3
TTGGCTCGCATGAGAC-1,4
TTGGGAAGACGAGCCG-1,1
TTGGGACACTGCCCGC-1,12
TTGGGACGTAAGAGTT-1,1
TTGGGCGGCGGTTGCC-1,12
TTGGTATGGCTTGTGT-1,8
TTGGTCACACTCGTAA-1,1
TTGGTTGCGGTGCGCG-1,7
TTGTAAGGACCTAAGT-1,5
TTGTAAGGCCAGTTGG-1,7
TTGTAATCCGTACTCG-1,5
TTGTATCACACAGAAT-1,8
TTGTCGTTCAGTTACC-1,6
TTGTGAACCTAATCCG-1,3
TTGTGAGGCATGACGC-1,7
TTGTGATCTGTTCAGT-1,3
TTGTGCAGCCACGTCA-1,11
TTGTGGCCCTGACAGT-1,6
TTGTGGTAGGAGGGAT-1,7
TTGTGGTGGTACTAAG-1,3
TTGTGTATGCCACCAA-1,11
TTGTTAGCAAATTCGA-1,9
TTGTTCAGTGTGCTAC-1,10
TTGTTGTGTGTCAAGA-1,12
TTGTTTCACATCCAGG-1,2
TTGTTTCATTAGTCTA-1,2
TTGTTTCCATACAACT-1,1
TTGTTTGTGTAAATTC-1,10
